benchmark,mode,iteration,elapsed_ms
separator_generation_time,static,1,0.009699957445263863
separator_generation_time,static,2,0.002300017513334751
separator_generation_time,static,3,0.001600012183189392
separator_generation_time,static,4,0.0010999501682817936
separator_generation_time,static,5,0.000900006853044033
separator_generation_time,static,6,0.001100008375942707
separator_generation_time,static,7,0.001400010660290718
separator_generation_time,static,8,0.0031999661587178707
separator_generation_time,static,9,0.001400010660290718
separator_generation_time,static,10,0.001100008375942707
separator_generation_time,static,11,0.001400010660290718
separator_generation_time,static,12,0.000800006091594696
separator_generation_time,static,13,0.000900006853044033
separator_generation_time,static,14,0.000800006091594696
separator_generation_time,static,15,0.000800006091594696
separator_generation_time,static,16,0.000700005330145359
separator_generation_time,static,17,0.000600004568696022
separator_generation_time,static,18,0.000800006091594696
separator_generation_time,static,19,0.00100000761449337
separator_generation_time,static,20,0.00200001522898674
separator_generation_time,static,21,0.000900006853044033
separator_generation_time,static,22,0.000600004568696022
separator_generation_time,static,23,0.000500003807246685
separator_generation_time,static,24,0.000700005330145359
separator_generation_time,static,25,0.000700005330145359
separator_generation_time,static,26,0.00200001522898674
separator_generation_time,static,27,0.000900006853044033
separator_generation_time,static,28,0.000800006091594696
separator_generation_time,static,29,0.001800013706088066
separator_generation_time,static,30,0.000800006091594696
separator_generation_time,static,31,0.000600004568696022
separator_generation_time,static,32,0.001800013706088066
separator_generation_time,static,33,0.000800006091594696
separator_generation_time,static,34,0.000800006091594696
separator_generation_time,static,35,0.00200001522898674
separator_generation_time,static,36,0.000900006853044033
separator_generation_time,static,37,0.0006999471224844456
separator_generation_time,static,38,0.000900006853044033
separator_generation_time,static,39,0.000600004568696022
separator_generation_time,static,40,0.000500003807246685
separator_generation_time,static,41,0.000800006091594696
separator_generation_time,static,42,0.000600004568696022
separator_generation_time,static,43,0.001600012183189392
separator_generation_time,static,44,0.000800006091594696
separator_generation_time,static,45,0.000800006091594696
separator_generation_time,static,46,0.000600004568696022
separator_generation_time,static,47,0.000800006091594696
separator_generation_time,static,48,0.000600004568696022
separator_generation_time,static,49,0.000500003807246685
separator_generation_time,static,50,0.001900014467537403
separator_generation_time,static,51,0.0005999463610351086
separator_generation_time,static,52,0.000600004568696022
separator_generation_time,static,53,0.001800013706088066
separator_generation_time,static,54,0.000600004568696022
separator_generation_time,static,55,0.000700005330145359
separator_generation_time,static,56,0.000500003807246685
separator_generation_time,static,57,0.000700005330145359
separator_generation_time,static,58,0.000900006853044033
separator_generation_time,static,59,0.000600004568696022
separator_generation_time,static,60,0.000700005330145359
separator_generation_time,static,61,0.000900006853044033
separator_generation_time,static,62,0.0005999463610351086
separator_generation_time,static,63,0.000600004568696022
separator_generation_time,static,64,0.000500003807246685
separator_generation_time,static,65,0.000800006091594696
separator_generation_time,static,66,0.000700005330145359
separator_generation_time,static,67,0.0005999463610351086
separator_generation_time,static,68,0.000800006091594696
separator_generation_time,static,69,0.00200001522898674
separator_generation_time,static,70,0.000600004568696022
separator_generation_time,static,71,0.000700005330145359
separator_generation_time,static,72,0.000600004568696022
separator_generation_time,static,73,0.000800006091594696
separator_generation_time,static,74,0.000600004568696022
separator_generation_time,static,75,0.000600004568696022
separator_generation_time,static,76,0.000600004568696022
separator_generation_time,static,77,0.000600004568696022
separator_generation_time,static,78,0.000700005330145359
separator_generation_time,static,79,0.000800006091594696
separator_generation_time,static,80,0.000600004568696022
separator_generation_time,static,81,0.000500003807246685
separator_generation_time,static,82,0.000700005330145359
separator_generation_time,static,83,0.000700005330145359
separator_generation_time,static,84,0.0007999478839337826
separator_generation_time,static,85,0.000500003807246685
separator_generation_time,static,86,0.000600004568696022
separator_generation_time,static,87,0.000700005330145359
separator_generation_time,static,88,0.000700005330145359
separator_generation_time,static,89,0.000600004568696022
separator_generation_time,static,90,0.000600004568696022
separator_generation_time,static,91,0.0007999478839337826
separator_generation_time,static,92,0.000500003807246685
separator_generation_time,static,93,0.000700005330145359
separator_generation_time,static,94,0.00100000761449337
separator_generation_time,static,95,0.000800006091594696
separator_generation_time,static,96,0.000600004568696022
separator_generation_time,static,97,0.000600004568696022
separator_generation_time,static,98,0.000700005330145359
separator_generation_time,static,99,0.000800006091594696
separator_generation_time,static,100,0.000800006091594696
separator_generation_time,static,101,0.000600004568696022
separator_generation_time,static,102,0.000600004568696022
separator_generation_time,static,103,0.000600004568696022
separator_generation_time,static,104,0.0006999471224844456
separator_generation_time,static,105,0.000800006091594696
separator_generation_time,static,106,0.000600004568696022
separator_generation_time,static,107,0.000600004568696022
separator_generation_time,static,108,0.000500003807246685
separator_generation_time,static,109,0.000600004568696022
separator_generation_time,static,110,0.0005999463610351086
separator_generation_time,static,111,0.000600004568696022
separator_generation_time,static,112,0.000700005330145359
separator_generation_time,static,113,0.000600004568696022
separator_generation_time,static,114,0.000600004568696022
separator_generation_time,static,115,0.000700005330145359
separator_generation_time,static,116,0.000500003807246685
separator_generation_time,static,117,0.0007999478839337826
separator_generation_time,static,118,0.000600004568696022
separator_generation_time,static,119,0.000600004568696022
separator_generation_time,static,120,0.000600004568696022
separator_generation_time,static,121,0.000700005330145359
separator_generation_time,static,122,0.000500003807246685
separator_generation_time,static,123,0.000500003807246685
separator_generation_time,static,124,0.0005999463610351086
separator_generation_time,static,125,0.000500003807246685
separator_generation_time,static,126,0.000600004568696022
separator_generation_time,static,127,0.000600004568696022
separator_generation_time,static,128,0.000600004568696022
separator_generation_time,static,129,0.000500003807246685
separator_generation_time,static,130,0.000600004568696022
separator_generation_time,static,131,0.0005999463610351086
separator_generation_time,static,132,0.000600004568696022
separator_generation_time,static,133,0.000800006091594696
separator_generation_time,static,134,0.000700005330145359
separator_generation_time,static,135,0.000700005330145359
separator_generation_time,static,136,0.000600004568696022
separator_generation_time,static,137,0.000600004568696022
separator_generation_time,static,138,0.000600004568696022
separator_generation_time,static,139,0.000700005330145359
separator_generation_time,static,140,0.000600004568696022
separator_generation_time,static,141,0.000600004568696022
separator_generation_time,static,142,0.000600004568696022
separator_generation_time,static,143,0.000800006091594696
separator_generation_time,static,144,0.000700005330145359
separator_generation_time,static,145,0.000800006091594696
separator_generation_time,static,146,0.000800006091594696
separator_generation_time,static,147,0.000600004568696022
separator_generation_time,static,148,0.000500003807246685
separator_generation_time,static,149,0.000600004568696022
separator_generation_time,static,150,0.000600004568696022
separator_generation_time,static,151,0.000600004568696022
separator_generation_time,static,152,0.000500003807246685
separator_generation_time,static,153,0.000600004568696022
separator_generation_time,static,154,0.000700005330145359
separator_generation_time,static,155,0.000600004568696022
separator_generation_time,static,156,0.000600004568696022
separator_generation_time,static,157,0.000600004568696022
separator_generation_time,static,158,0.000500003807246685
separator_generation_time,static,159,0.000600004568696022
separator_generation_time,static,160,0.000600004568696022
separator_generation_time,static,161,0.000600004568696022
separator_generation_time,static,162,0.000700005330145359
separator_generation_time,static,163,0.000600004568696022
separator_generation_time,static,164,0.000600004568696022
separator_generation_time,static,165,0.000600004568696022
separator_generation_time,static,166,0.000400003045797348
separator_generation_time,static,167,0.000600004568696022
separator_generation_time,static,168,0.000700005330145359
separator_generation_time,static,169,0.000600004568696022
separator_generation_time,static,170,0.000600004568696022
separator_generation_time,static,171,0.000500003807246685
separator_generation_time,static,172,0.000800006091594696
separator_generation_time,static,173,0.000700005330145359
separator_generation_time,static,174,0.000500003807246685
separator_generation_time,static,175,0.000800006091594696
separator_generation_time,static,176,0.000600004568696022
separator_generation_time,static,177,0.000600004568696022
separator_generation_time,static,178,0.0005999463610351086
separator_generation_time,static,179,0.000600004568696022
separator_generation_time,static,180,0.000600004568696022
separator_generation_time,static,181,0.000800006091594696
separator_generation_time,static,182,0.000700005330145359
separator_generation_time,static,183,0.000600004568696022
separator_generation_time,static,184,0.000600004568696022
separator_generation_time,static,185,0.000600004568696022
separator_generation_time,static,186,0.000600004568696022
separator_generation_time,static,187,0.0005999463610351086
separator_generation_time,static,188,0.000800006091594696
separator_generation_time,static,189,0.000600004568696022
separator_generation_time,static,190,0.000800006091594696
separator_generation_time,static,191,0.000600004568696022
separator_generation_time,static,192,0.000500003807246685
separator_generation_time,static,193,0.000800006091594696
separator_generation_time,static,194,0.000500003807246685
separator_generation_time,static,195,0.000600004568696022
separator_generation_time,static,196,0.000500003807246685
separator_generation_time,static,197,0.000600004568696022
separator_generation_time,static,198,0.000600004568696022
separator_generation_time,static,199,0.000600004568696022
separator_generation_time,static,200,0.000700005330145359
separator_generation_time,static,201,0.000600004568696022
separator_generation_time,static,202,0.000800006091594696
separator_generation_time,static,203,0.000500003807246685
separator_generation_time,static,204,0.000600004568696022
separator_generation_time,static,205,0.000500003807246685
separator_generation_time,static,206,0.000600004568696022
separator_generation_time,static,207,0.0004999455995857716
separator_generation_time,static,208,0.000600004568696022
separator_generation_time,static,209,0.000500003807246685
separator_generation_time,static,210,0.000600004568696022
separator_generation_time,static,211,0.000600004568696022
separator_generation_time,static,212,0.000500003807246685
separator_generation_time,static,213,0.000600004568696022
separator_generation_time,static,214,0.000700005330145359
separator_generation_time,static,215,0.000700005330145359
separator_generation_time,static,216,0.000600004568696022
separator_generation_time,static,217,0.000700005330145359
separator_generation_time,static,218,0.000700005330145359
separator_generation_time,static,219,0.000800006091594696
separator_generation_time,static,220,0.000600004568696022
separator_generation_time,static,221,0.0005999463610351086
separator_generation_time,static,222,0.000600004568696022
separator_generation_time,static,223,0.000500003807246685
separator_generation_time,static,224,0.000600004568696022
separator_generation_time,static,225,0.000600004568696022
separator_generation_time,static,226,0.000600004568696022
separator_generation_time,static,227,0.000600004568696022
separator_generation_time,static,228,0.000500003807246685
separator_generation_time,static,229,0.000700005330145359
separator_generation_time,static,230,0.000700005330145359
separator_generation_time,static,231,0.000600004568696022
separator_generation_time,static,232,0.000500003807246685
separator_generation_time,static,233,0.000600004568696022
separator_generation_time,static,234,0.000500003807246685
separator_generation_time,static,235,0.000600004568696022
separator_generation_time,static,236,0.000800006091594696
separator_generation_time,static,237,0.000500003807246685
separator_generation_time,static,238,0.000600004568696022
separator_generation_time,static,239,0.000600004568696022
separator_generation_time,static,240,0.000600004568696022
separator_generation_time,static,241,0.000600004568696022
separator_generation_time,static,242,0.0007999478839337826
separator_generation_time,static,243,0.000600004568696022
separator_generation_time,static,244,0.000600004568696022
separator_generation_time,static,245,0.000600004568696022
separator_generation_time,static,246,0.000500003807246685
separator_generation_time,static,247,0.000600004568696022
separator_generation_time,static,248,0.000700005330145359
separator_generation_time,static,249,0.000600004568696022
separator_generation_time,static,250,0.000700005330145359
separator_generation_time,static,251,0.000600004568696022
separator_generation_time,static,252,0.000600004568696022
separator_generation_time,static,253,0.000500003807246685
separator_generation_time,static,254,0.000700005330145359
separator_generation_time,static,255,0.000800006091594696
separator_generation_time,static,256,0.000600004568696022
separator_generation_time,static,257,0.000500003807246685
separator_generation_time,static,258,0.000500003807246685
separator_generation_time,static,259,0.000700005330145359
separator_generation_time,static,260,0.000600004568696022
separator_generation_time,static,261,0.000500003807246685
separator_generation_time,static,262,0.000700005330145359
separator_generation_time,static,263,0.000700005330145359
separator_generation_time,static,264,0.000600004568696022
separator_generation_time,static,265,0.000600004568696022
separator_generation_time,static,266,0.000600004568696022
separator_generation_time,static,267,0.000600004568696022
separator_generation_time,static,268,0.000500003807246685
separator_generation_time,static,269,0.000500003807246685
separator_generation_time,static,270,0.000600004568696022
separator_generation_time,static,271,0.000500003807246685
separator_generation_time,static,272,0.000600004568696022
separator_generation_time,static,273,0.000600004568696022
separator_generation_time,static,274,0.000800006091594696
separator_generation_time,static,275,0.000600004568696022
separator_generation_time,static,276,0.0005999463610351086
separator_generation_time,static,277,0.000600004568696022
separator_generation_time,static,278,0.000600004568696022
separator_generation_time,static,279,0.000600004568696022
separator_generation_time,static,280,0.000700005330145359
separator_generation_time,static,281,0.000600004568696022
separator_generation_time,static,282,0.000600004568696022
separator_generation_time,static,283,0.000500003807246685
separator_generation_time,static,284,0.000600004568696022
separator_generation_time,static,285,0.000700005330145359
separator_generation_time,static,286,0.000700005330145359
separator_generation_time,static,287,0.000700005330145359
separator_generation_time,static,288,0.000600004568696022
separator_generation_time,static,289,0.000600004568696022
separator_generation_time,static,290,0.000700005330145359
separator_generation_time,static,291,0.000600004568696022
separator_generation_time,static,292,0.000700005330145359
separator_generation_time,static,293,0.000700005330145359
separator_generation_time,static,294,0.000600004568696022
separator_generation_time,static,295,0.000500003807246685
separator_generation_time,static,296,0.000700005330145359
separator_generation_time,static,297,0.000600004568696022
separator_generation_time,static,298,0.000600004568696022
separator_generation_time,static,299,0.000700005330145359
separator_generation_time,static,300,0.000700005330145359
separator_generation_time,static,301,0.000600004568696022
separator_generation_time,static,302,0.000500003807246685
separator_generation_time,static,303,0.000600004568696022
separator_generation_time,static,304,0.0005999463610351086
separator_generation_time,static,305,0.000500003807246685
separator_generation_time,static,306,0.000600004568696022
separator_generation_time,static,307,0.000800006091594696
separator_generation_time,static,308,0.000600004568696022
separator_generation_time,static,309,0.000600004568696022
separator_generation_time,static,310,0.000700005330145359
separator_generation_time,static,311,0.000500003807246685
separator_generation_time,static,312,0.000600004568696022
separator_generation_time,static,313,0.000700005330145359
separator_generation_time,static,314,0.000600004568696022
separator_generation_time,static,315,0.000600004568696022
separator_generation_time,static,316,0.000700005330145359
separator_generation_time,static,317,0.000600004568696022
separator_generation_time,static,318,0.000500003807246685
separator_generation_time,static,319,0.000700005330145359
separator_generation_time,static,320,0.000700005330145359
separator_generation_time,static,321,0.000600004568696022
separator_generation_time,static,322,0.000600004568696022
separator_generation_time,static,323,0.000600004568696022
separator_generation_time,static,324,0.000500003807246685
separator_generation_time,static,325,0.000500003807246685
separator_generation_time,static,326,0.000600004568696022
separator_generation_time,static,327,0.000600004568696022
separator_generation_time,static,328,0.000500003807246685
separator_generation_time,static,329,0.0005999463610351086
separator_generation_time,static,330,0.000600004568696022
separator_generation_time,static,331,0.000600004568696022
separator_generation_time,static,332,0.000600004568696022
separator_generation_time,static,333,0.000600004568696022
separator_generation_time,static,334,0.000500003807246685
separator_generation_time,static,335,0.000700005330145359
separator_generation_time,static,336,0.0005999463610351086
separator_generation_time,static,337,0.000700005330145359
separator_generation_time,static,338,0.000700005330145359
separator_generation_time,static,339,0.000700005330145359
separator_generation_time,static,340,0.000700005330145359
separator_generation_time,static,341,0.000600004568696022
separator_generation_time,static,342,0.000600004568696022
separator_generation_time,static,343,0.000500003807246685
separator_generation_time,static,344,0.000600004568696022
separator_generation_time,static,345,0.000800006091594696
separator_generation_time,static,346,0.000700005330145359
separator_generation_time,static,347,0.000600004568696022
separator_generation_time,static,348,0.000700005330145359
separator_generation_time,static,349,0.0022999593056738377
separator_generation_time,static,350,0.000600004568696022
separator_generation_time,static,351,0.000700005330145359
separator_generation_time,static,352,0.000600004568696022
separator_generation_time,static,353,0.000700005330145359
separator_generation_time,static,354,0.000700005330145359
separator_generation_time,static,355,0.001800013706088066
separator_generation_time,static,356,0.000600004568696022
separator_generation_time,static,357,0.000500003807246685
separator_generation_time,static,358,0.000500003807246685
separator_generation_time,static,359,0.000500003807246685
separator_generation_time,static,360,0.000500003807246685
separator_generation_time,static,361,0.000500003807246685
separator_generation_time,static,362,0.001700012944638729
separator_generation_time,static,363,0.000600004568696022
separator_generation_time,static,364,0.0004999455995857716
separator_generation_time,static,365,0.000600004568696022
separator_generation_time,static,366,0.000600004568696022
separator_generation_time,static,367,0.000600004568696022
separator_generation_time,static,368,0.000600004568696022
separator_generation_time,static,369,0.0006999471224844456
separator_generation_time,static,370,0.000600004568696022
separator_generation_time,static,371,0.000700005330145359
separator_generation_time,static,372,0.001800013706088066
separator_generation_time,static,373,0.000700005330145359
separator_generation_time,static,374,0.000600004568696022
separator_generation_time,static,375,0.001700012944638729
separator_generation_time,static,376,0.000600004568696022
separator_generation_time,static,377,0.000600004568696022
separator_generation_time,static,378,0.000600004568696022
separator_generation_time,static,379,0.0005999463610351086
separator_generation_time,static,380,0.000600004568696022
separator_generation_time,static,381,0.000600004568696022
separator_generation_time,static,382,0.000700005330145359
separator_generation_time,static,383,0.000700005330145359
separator_generation_time,static,384,0.000600004568696022
separator_generation_time,static,385,0.0016999547369778156
separator_generation_time,static,386,0.000500003807246685
separator_generation_time,static,387,0.000500003807246685
separator_generation_time,static,388,0.004499976057559252
separator_generation_time,static,389,0.0020999577827751637
separator_generation_time,static,390,0.001200009137392044
separator_generation_time,static,391,0.001100008375942707
separator_generation_time,static,392,0.001200009137392044
separator_generation_time,static,393,0.001100008375942707
separator_generation_time,static,394,0.001100008375942707
separator_generation_time,static,395,0.001100008375942707
separator_generation_time,static,396,0.001100008375942707
separator_generation_time,static,397,0.0011999509297311306
separator_generation_time,static,398,0.001100008375942707
separator_generation_time,static,399,0.001100008375942707
separator_generation_time,static,400,0.0029999646358191967
separator_generation_time,static,401,0.001400010660290718
separator_generation_time,static,402,0.0008999486453831196
separator_generation_time,static,403,0.000900006853044033
separator_generation_time,static,404,0.000600004568696022
separator_generation_time,static,405,0.000600004568696022
separator_generation_time,static,406,0.000700005330145359
separator_generation_time,static,407,0.000700005330145359
separator_generation_time,static,408,0.0008999486453831196
separator_generation_time,static,409,0.000500003807246685
separator_generation_time,static,410,0.000700005330145359
separator_generation_time,static,411,0.000700005330145359
separator_generation_time,static,412,0.000600004568696022
separator_generation_time,static,413,0.000600004568696022
separator_generation_time,static,414,0.000700005330145359
separator_generation_time,static,415,0.0005999463610351086
separator_generation_time,static,416,0.000700005330145359
separator_generation_time,static,417,0.000600004568696022
separator_generation_time,static,418,0.000600004568696022
separator_generation_time,static,419,0.000700005330145359
separator_generation_time,static,420,0.000800006091594696
separator_generation_time,static,421,0.000700005330145359
separator_generation_time,static,422,0.0005999463610351086
separator_generation_time,static,423,0.000500003807246685
separator_generation_time,static,424,0.000700005330145359
separator_generation_time,static,425,0.000700005330145359
separator_generation_time,static,426,0.000700005330145359
separator_generation_time,static,427,0.000700005330145359
separator_generation_time,static,428,0.0009999494068324566
separator_generation_time,static,429,0.000800006091594696
separator_generation_time,static,430,0.000700005330145359
separator_generation_time,static,431,0.000600004568696022
separator_generation_time,static,432,0.000600004568696022
separator_generation_time,static,433,0.00100000761449337
separator_generation_time,static,434,0.000600004568696022
separator_generation_time,static,435,0.000600004568696022
separator_generation_time,static,436,0.000600004568696022
separator_generation_time,static,437,0.000800006091594696
separator_generation_time,static,438,0.000600004568696022
separator_generation_time,static,439,0.000600004568696022
separator_generation_time,static,440,0.000600004568696022
separator_generation_time,static,441,0.000600004568696022
separator_generation_time,static,442,0.000600004568696022
separator_generation_time,static,443,0.000600004568696022
separator_generation_time,static,444,0.000600004568696022
separator_generation_time,static,445,0.000600004568696022
separator_generation_time,static,446,0.000600004568696022
separator_generation_time,static,447,0.000600004568696022
separator_generation_time,static,448,0.000600004568696022
separator_generation_time,static,449,0.000600004568696022
separator_generation_time,static,450,0.000600004568696022
separator_generation_time,static,451,0.000700005330145359
separator_generation_time,static,452,0.000600004568696022
separator_generation_time,static,453,0.000500003807246685
separator_generation_time,static,454,0.000600004568696022
separator_generation_time,static,455,0.000600004568696022
separator_generation_time,static,456,0.000600004568696022
separator_generation_time,static,457,0.000600004568696022
separator_generation_time,static,458,0.000600004568696022
separator_generation_time,static,459,0.000600004568696022
separator_generation_time,static,460,0.000700005330145359
separator_generation_time,static,461,0.000600004568696022
separator_generation_time,static,462,0.0005999463610351086
separator_generation_time,static,463,0.000800006091594696
separator_generation_time,static,464,0.000600004568696022
separator_generation_time,static,465,0.000600004568696022
separator_generation_time,static,466,0.000700005330145359
separator_generation_time,static,467,0.000600004568696022
separator_generation_time,static,468,0.000800006091594696
separator_generation_time,static,469,0.000500003807246685
separator_generation_time,static,470,0.000700005330145359
separator_generation_time,static,471,0.000600004568696022
separator_generation_time,static,472,0.0021999585442245007
separator_generation_time,static,473,0.000600004568696022
separator_generation_time,static,474,0.000700005330145359
separator_generation_time,static,475,0.000900006853044033
separator_generation_time,static,476,0.002200016751885414
separator_generation_time,static,477,0.000600004568696022
separator_generation_time,static,478,0.000600004568696022
separator_generation_time,static,479,0.000700005330145359
separator_generation_time,static,480,0.000600004568696022
separator_generation_time,static,481,0.000600004568696022
separator_generation_time,static,482,0.000600004568696022
separator_generation_time,static,483,0.000700005330145359
separator_generation_time,static,484,0.000600004568696022
separator_generation_time,static,485,0.000600004568696022
separator_generation_time,static,486,0.000700005330145359
separator_generation_time,static,487,0.002200016751885414
separator_generation_time,static,488,0.000500003807246685
separator_generation_time,static,489,0.000600004568696022
separator_generation_time,static,490,0.000700005330145359
separator_generation_time,static,491,0.00200001522898674
separator_generation_time,static,492,0.000600004568696022
separator_generation_time,static,493,0.000700005330145359
separator_generation_time,static,494,0.0004999455995857716
separator_generation_time,static,495,0.000500003807246685
separator_generation_time,static,496,0.000700005330145359
separator_generation_time,static,497,0.000600004568696022
separator_generation_time,static,498,0.000500003807246685
separator_generation_time,static,499,0.000500003807246685
separator_generation_time,static,500,0.0020999577827751637
separator_generation_time,static,501,0.000600004568696022
separator_generation_time,static,502,0.000500003807246685
separator_generation_time,static,503,0.000600004568696022
separator_generation_time,static,504,0.000600004568696022
separator_generation_time,static,505,0.0021999585442245007
separator_generation_time,static,506,0.000700005330145359
separator_generation_time,static,507,0.000500003807246685
separator_generation_time,static,508,0.000600004568696022
separator_generation_time,static,509,0.002600019797682762
separator_generation_time,static,510,0.00100000761449337
separator_generation_time,static,511,0.000700005330145359
separator_generation_time,static,512,0.000600004568696022
separator_generation_time,static,513,0.000700005330145359
separator_generation_time,static,514,0.000600004568696022
separator_generation_time,static,515,0.000600004568696022
separator_generation_time,static,516,0.0005999463610351086
separator_generation_time,static,517,0.000500003807246685
separator_generation_time,static,518,0.000700005330145359
separator_generation_time,static,519,0.000700005330145359
separator_generation_time,static,520,0.000700005330145359
separator_generation_time,static,521,0.000600004568696022
separator_generation_time,static,522,0.000600004568696022
separator_generation_time,static,523,0.000700005330145359
separator_generation_time,static,524,0.000600004568696022
separator_generation_time,static,525,0.000600004568696022
separator_generation_time,static,526,0.000500003807246685
separator_generation_time,static,527,0.000600004568696022
separator_generation_time,static,528,0.000600004568696022
separator_generation_time,static,529,0.000700005330145359
separator_generation_time,static,530,0.000600004568696022
separator_generation_time,static,531,0.000600004568696022
separator_generation_time,static,532,0.000600004568696022
separator_generation_time,static,533,0.000600004568696022
separator_generation_time,static,534,0.000600004568696022
separator_generation_time,static,535,0.000600004568696022
separator_generation_time,static,536,0.0005999463610351086
separator_generation_time,static,537,0.000600004568696022
separator_generation_time,static,538,0.000600004568696022
separator_generation_time,static,539,0.000500003807246685
separator_generation_time,static,540,0.000600004568696022
separator_generation_time,static,541,0.000600004568696022
separator_generation_time,static,542,0.000600004568696022
separator_generation_time,static,543,0.0005999463610351086
separator_generation_time,static,544,0.000600004568696022
separator_generation_time,static,545,0.000600004568696022
separator_generation_time,static,546,0.000600004568696022
separator_generation_time,static,547,0.000700005330145359
separator_generation_time,static,548,0.000600004568696022
separator_generation_time,static,549,0.000700005330145359
separator_generation_time,static,550,0.0005999463610351086
separator_generation_time,static,551,0.000700005330145359
separator_generation_time,static,552,0.000600004568696022
separator_generation_time,static,553,0.000600004568696022
separator_generation_time,static,554,0.000800006091594696
separator_generation_time,static,555,0.000700005330145359
separator_generation_time,static,556,0.000600004568696022
separator_generation_time,static,557,0.000600004568696022
separator_generation_time,static,558,0.000500003807246685
separator_generation_time,static,559,0.000600004568696022
separator_generation_time,static,560,0.000600004568696022
separator_generation_time,static,561,0.000600004568696022
separator_generation_time,static,562,0.000600004568696022
separator_generation_time,static,563,0.000600004568696022
separator_generation_time,static,564,0.000500003807246685
separator_generation_time,static,565,0.000800006091594696
separator_generation_time,static,566,0.000600004568696022
separator_generation_time,static,567,0.000600004568696022
separator_generation_time,static,568,0.000600004568696022
separator_generation_time,static,569,0.000600004568696022
separator_generation_time,static,570,0.000600004568696022
separator_generation_time,static,571,0.000700005330145359
separator_generation_time,static,572,0.000700005330145359
separator_generation_time,static,573,0.000600004568696022
separator_generation_time,static,574,0.000500003807246685
separator_generation_time,static,575,0.000600004568696022
separator_generation_time,static,576,0.000600004568696022
separator_generation_time,static,577,0.000600004568696022
separator_generation_time,static,578,0.000600004568696022
separator_generation_time,static,579,0.000600004568696022
separator_generation_time,static,580,0.000500003807246685
separator_generation_time,static,581,0.000600004568696022
separator_generation_time,static,582,0.000600004568696022
separator_generation_time,static,583,0.0005999463610351086
separator_generation_time,static,584,0.000500003807246685
separator_generation_time,static,585,0.000500003807246685
separator_generation_time,static,586,0.000600004568696022
separator_generation_time,static,587,0.000600004568696022
separator_generation_time,static,588,0.000500003807246685
separator_generation_time,static,589,0.000600004568696022
separator_generation_time,static,590,0.000600004568696022
separator_generation_time,static,591,0.000600004568696022
separator_generation_time,static,592,0.000600004568696022
separator_generation_time,static,593,0.000700005330145359
separator_generation_time,static,594,0.001200009137392044
separator_generation_time,static,595,0.00100000761449337
separator_generation_time,static,596,0.00100000761449337
separator_generation_time,static,597,0.00100000761449337
separator_generation_time,static,598,0.000600004568696022
separator_generation_time,static,599,0.0005999463610351086
separator_generation_time,static,600,0.000600004568696022
separator_generation_time,static,601,0.000700005330145359
separator_generation_time,static,602,0.000600004568696022
separator_generation_time,static,603,0.000600004568696022
separator_generation_time,static,604,0.000700005330145359
separator_generation_time,static,605,0.000700005330145359
separator_generation_time,static,606,0.0005999463610351086
separator_generation_time,static,607,0.000600004568696022
separator_generation_time,static,608,0.000600004568696022
separator_generation_time,static,609,0.000600004568696022
separator_generation_time,static,610,0.000700005330145359
separator_generation_time,static,611,0.000600004568696022
separator_generation_time,static,612,0.000600004568696022
separator_generation_time,static,613,0.0006999471224844456
separator_generation_time,static,614,0.000800006091594696
separator_generation_time,static,615,0.000600004568696022
separator_generation_time,static,616,0.000700005330145359
separator_generation_time,static,617,0.000600004568696022
separator_generation_time,static,618,0.000500003807246685
separator_generation_time,static,619,0.000700005330145359
separator_generation_time,static,620,0.0005999463610351086
separator_generation_time,static,621,0.000600004568696022
separator_generation_time,static,622,0.000600004568696022
separator_generation_time,static,623,0.000600004568696022
separator_generation_time,static,624,0.000600004568696022
separator_generation_time,static,625,0.000600004568696022
separator_generation_time,static,626,0.000600004568696022
separator_generation_time,static,627,0.0004999455995857716
separator_generation_time,static,628,0.000600004568696022
separator_generation_time,static,629,0.000700005330145359
separator_generation_time,static,630,0.000600004568696022
separator_generation_time,static,631,0.000500003807246685
separator_generation_time,static,632,0.000500003807246685
separator_generation_time,static,633,0.000600004568696022
separator_generation_time,static,634,0.0005999463610351086
separator_generation_time,static,635,0.000600004568696022
separator_generation_time,static,636,0.000600004568696022
separator_generation_time,static,637,0.000600004568696022
separator_generation_time,static,638,0.000700005330145359
separator_generation_time,static,639,0.000500003807246685
separator_generation_time,static,640,0.000500003807246685
separator_generation_time,static,641,0.000500003807246685
separator_generation_time,static,642,0.000700005330145359
separator_generation_time,static,643,0.000600004568696022
separator_generation_time,static,644,0.000700005330145359
separator_generation_time,static,645,0.000600004568696022
separator_generation_time,static,646,0.000600004568696022
separator_generation_time,static,647,0.000500003807246685
separator_generation_time,static,648,0.000600004568696022
separator_generation_time,static,649,0.000600004568696022
separator_generation_time,static,650,0.000600004568696022
separator_generation_time,static,651,0.000700005330145359
separator_generation_time,static,652,0.000600004568696022
separator_generation_time,static,653,0.000700005330145359
separator_generation_time,static,654,0.000600004568696022
separator_generation_time,static,655,0.000600004568696022
separator_generation_time,static,656,0.0004999455995857716
separator_generation_time,static,657,0.000500003807246685
separator_generation_time,static,658,0.000600004568696022
separator_generation_time,static,659,0.000600004568696022
separator_generation_time,static,660,0.000600004568696022
separator_generation_time,static,661,0.000700005330145359
separator_generation_time,static,662,0.000500003807246685
separator_generation_time,static,663,0.0005999463610351086
separator_generation_time,static,664,0.000600004568696022
separator_generation_time,static,665,0.000600004568696022
separator_generation_time,static,666,0.000500003807246685
separator_generation_time,static,667,0.000500003807246685
separator_generation_time,static,668,0.000800006091594696
separator_generation_time,static,669,0.000800006091594696
separator_generation_time,static,670,0.0007999478839337826
separator_generation_time,static,671,0.000600004568696022
separator_generation_time,static,672,0.000700005330145359
separator_generation_time,static,673,0.000600004568696022
separator_generation_time,static,674,0.000600004568696022
separator_generation_time,static,675,0.000600004568696022
separator_generation_time,static,676,0.0005999463610351086
separator_generation_time,static,677,0.000700005330145359
separator_generation_time,static,678,0.000600004568696022
separator_generation_time,static,679,0.000500003807246685
separator_generation_time,static,680,0.000500003807246685
separator_generation_time,static,681,0.000500003807246685
separator_generation_time,static,682,0.000700005330145359
separator_generation_time,static,683,0.0005999463610351086
separator_generation_time,static,684,0.000600004568696022
separator_generation_time,static,685,0.000700005330145359
separator_generation_time,static,686,0.000600004568696022
separator_generation_time,static,687,0.000600004568696022
separator_generation_time,static,688,0.000700005330145359
separator_generation_time,static,689,0.000600004568696022
separator_generation_time,static,690,0.000800006091594696
separator_generation_time,static,691,0.000700005330145359
separator_generation_time,static,692,0.000500003807246685
separator_generation_time,static,693,0.000700005330145359
separator_generation_time,static,694,0.000500003807246685
separator_generation_time,static,695,0.0005999463610351086
separator_generation_time,static,696,0.000600004568696022
separator_generation_time,static,697,0.000500003807246685
separator_generation_time,static,698,0.000600004568696022
separator_generation_time,static,699,0.000600004568696022
separator_generation_time,static,700,0.000600004568696022
separator_generation_time,static,701,0.000600004568696022
separator_generation_time,static,702,0.0007999478839337826
separator_generation_time,static,703,0.000700005330145359
separator_generation_time,static,704,0.000600004568696022
separator_generation_time,static,705,0.000700005330145359
separator_generation_time,static,706,0.000600004568696022
separator_generation_time,static,707,0.000600004568696022
separator_generation_time,static,708,0.000700005330145359
separator_generation_time,static,709,0.0005999463610351086
separator_generation_time,static,710,0.000600004568696022
separator_generation_time,static,711,0.000600004568696022
separator_generation_time,static,712,0.000500003807246685
separator_generation_time,static,713,0.000600004568696022
separator_generation_time,static,714,0.000500003807246685
separator_generation_time,static,715,0.000700005330145359
separator_generation_time,static,716,0.0005999463610351086
separator_generation_time,static,717,0.000600004568696022
separator_generation_time,static,718,0.000600004568696022
separator_generation_time,static,719,0.000600004568696022
separator_generation_time,static,720,0.000600004568696022
separator_generation_time,static,721,0.000600004568696022
separator_generation_time,static,722,0.000500003807246685
separator_generation_time,static,723,0.000500003807246685
separator_generation_time,static,724,0.000600004568696022
separator_generation_time,static,725,0.000700005330145359
separator_generation_time,static,726,0.000700005330145359
separator_generation_time,static,727,0.000600004568696022
separator_generation_time,static,728,0.000600004568696022
separator_generation_time,static,729,0.000600004568696022
separator_generation_time,static,730,0.0006999471224844456
separator_generation_time,static,731,0.000500003807246685
separator_generation_time,static,732,0.000600004568696022
separator_generation_time,static,733,0.000700005330145359
separator_generation_time,static,734,0.001300009898841381
separator_generation_time,static,735,0.00100000761449337
separator_generation_time,static,736,0.001100008375942707
separator_generation_time,static,737,0.00100000761449337
separator_generation_time,static,738,0.000900006853044033
separator_generation_time,static,739,0.000900006853044033
separator_generation_time,static,740,0.000900006853044033
separator_generation_time,static,741,0.00100000761449337
separator_generation_time,static,742,0.001100008375942707
separator_generation_time,static,743,0.000900006853044033
separator_generation_time,static,744,0.0009999494068324566
separator_generation_time,static,745,0.001100008375942707
separator_generation_time,static,746,0.001200009137392044
separator_generation_time,static,747,0.001100008375942707
separator_generation_time,static,748,0.0009999494068324566
separator_generation_time,static,749,0.000800006091594696
separator_generation_time,static,750,0.000800006091594696
separator_generation_time,static,751,0.00100000761449337
separator_generation_time,static,752,0.00100000761449337
separator_generation_time,static,753,0.00100000761449337
separator_generation_time,static,754,0.000900006853044033
separator_generation_time,static,755,0.000600004568696022
separator_generation_time,static,756,0.000600004568696022
separator_generation_time,static,757,0.000500003807246685
separator_generation_time,static,758,0.0005999463610351086
separator_generation_time,static,759,0.000900006853044033
separator_generation_time,static,760,0.00100000761449337
separator_generation_time,static,761,0.00100000761449337
separator_generation_time,static,762,0.0009999494068324566
separator_generation_time,static,763,0.00100000761449337
separator_generation_time,static,764,0.00100000761449337
separator_generation_time,static,765,0.000800006091594696
separator_generation_time,static,766,0.0011999509297311306
separator_generation_time,static,767,0.00100000761449337
separator_generation_time,static,768,0.00100000761449337
separator_generation_time,static,769,0.000900006853044033
separator_generation_time,static,770,0.001100008375942707
separator_generation_time,static,771,0.001100008375942707
separator_generation_time,static,772,0.000900006853044033
separator_generation_time,static,773,0.00100000761449337
separator_generation_time,static,774,0.00100000761449337
separator_generation_time,static,775,0.0008999486453831196
separator_generation_time,static,776,0.000800006091594696
separator_generation_time,static,777,0.000900006853044033
separator_generation_time,static,778,0.000900006853044033
separator_generation_time,static,779,0.00100000761449337
separator_generation_time,static,780,0.000900006853044033
separator_generation_time,static,781,0.001600012183189392
separator_generation_time,static,782,0.001100008375942707
separator_generation_time,static,783,0.000900006853044033
separator_generation_time,static,784,0.000900006853044033
separator_generation_time,static,785,0.001200009137392044
separator_generation_time,static,786,0.00100000761449337
separator_generation_time,static,787,0.00100000761449337
separator_generation_time,static,788,0.00100000761449337
separator_generation_time,static,789,0.00100000761449337
separator_generation_time,static,790,0.00100000761449337
separator_generation_time,static,791,0.000900006853044033
separator_generation_time,static,792,0.000900006853044033
separator_generation_time,static,793,0.000900006853044033
separator_generation_time,static,794,0.001200009137392044
separator_generation_time,static,795,0.00100000761449337
separator_generation_time,static,796,0.001100008375942707
separator_generation_time,static,797,0.001100008375942707
separator_generation_time,static,798,0.00100000761449337
separator_generation_time,static,799,0.001100008375942707
separator_generation_time,static,800,0.001200009137392044
separator_generation_time,static,801,0.001100008375942707
separator_generation_time,static,802,0.00100000761449337
separator_generation_time,static,803,0.001100008375942707
separator_generation_time,static,804,0.00100000761449337
separator_generation_time,static,805,0.00100000761449337
separator_generation_time,static,806,0.00100000761449337
separator_generation_time,static,807,0.001200009137392044
separator_generation_time,static,808,0.000900006853044033
separator_generation_time,static,809,0.000900006853044033
separator_generation_time,static,810,0.0008999486453831196
separator_generation_time,static,811,0.002600019797682762
separator_generation_time,static,812,0.000900006853044033
separator_generation_time,static,813,0.0009999494068324566
separator_generation_time,static,814,0.001100008375942707
separator_generation_time,static,815,0.003100023604929447
separator_generation_time,static,816,0.0010999501682817936
separator_generation_time,static,817,0.00100000761449337
separator_generation_time,static,818,0.001200009137392044
separator_generation_time,static,819,0.00100000761449337
separator_generation_time,static,820,0.001300009898841381
separator_generation_time,static,821,0.000600004568696022
separator_generation_time,static,822,0.000700005330145359
separator_generation_time,static,823,0.000600004568696022
separator_generation_time,static,824,0.000500003807246685
separator_generation_time,static,825,0.000600004568696022
separator_generation_time,static,826,0.000600004568696022
separator_generation_time,static,827,0.000600004568696022
separator_generation_time,static,828,0.000700005330145359
separator_generation_time,static,829,0.000700005330145359
separator_generation_time,static,830,0.000600004568696022
separator_generation_time,static,831,0.000700005330145359
separator_generation_time,static,832,0.000500003807246685
separator_generation_time,static,833,0.000600004568696022
separator_generation_time,static,834,0.000600004568696022
separator_generation_time,static,835,0.000700005330145359
separator_generation_time,static,836,0.000600004568696022
separator_generation_time,static,837,0.0005999463610351086
separator_generation_time,static,838,0.000600004568696022
separator_generation_time,static,839,0.000600004568696022
separator_generation_time,static,840,0.000500003807246685
separator_generation_time,static,841,0.000700005330145359
separator_generation_time,static,842,0.000600004568696022
separator_generation_time,static,843,0.000500003807246685
separator_generation_time,static,844,0.0005999463610351086
separator_generation_time,static,845,0.000500003807246685
separator_generation_time,static,846,0.000600004568696022
separator_generation_time,static,847,0.000600004568696022
separator_generation_time,static,848,0.000600004568696022
separator_generation_time,static,849,0.000600004568696022
separator_generation_time,static,850,0.000600004568696022
separator_generation_time,static,851,0.0005999463610351086
separator_generation_time,static,852,0.000500003807246685
separator_generation_time,static,853,0.000600004568696022
separator_generation_time,static,854,0.000600004568696022
separator_generation_time,static,855,0.000600004568696022
separator_generation_time,static,856,0.000500003807246685
separator_generation_time,static,857,0.000600004568696022
separator_generation_time,static,858,0.0006999471224844456
separator_generation_time,static,859,0.000700005330145359
separator_generation_time,static,860,0.000500003807246685
separator_generation_time,static,861,0.000600004568696022
separator_generation_time,static,862,0.000600004568696022
separator_generation_time,static,863,0.000600004568696022
separator_generation_time,static,864,0.000600004568696022
separator_generation_time,static,865,0.000600004568696022
separator_generation_time,static,866,0.000600004568696022
separator_generation_time,static,867,0.000500003807246685
separator_generation_time,static,868,0.000700005330145359
separator_generation_time,static,869,0.000500003807246685
separator_generation_time,static,870,0.000600004568696022
separator_generation_time,static,871,0.000500003807246685
separator_generation_time,static,872,0.000500003807246685
separator_generation_time,static,873,0.000500003807246685
separator_generation_time,static,874,0.000600004568696022
separator_generation_time,static,875,0.000600004568696022
separator_generation_time,static,876,0.000600004568696022
separator_generation_time,static,877,0.000700005330145359
separator_generation_time,static,878,0.000600004568696022
separator_generation_time,static,879,0.0005999463610351086
separator_generation_time,static,880,0.000600004568696022
separator_generation_time,static,881,0.000600004568696022
separator_generation_time,static,882,0.000500003807246685
separator_generation_time,static,883,0.000600004568696022
separator_generation_time,static,884,0.000700005330145359
separator_generation_time,static,885,0.000900006853044033
separator_generation_time,static,886,0.0006999471224844456
separator_generation_time,static,887,0.000600004568696022
separator_generation_time,static,888,0.000600004568696022
separator_generation_time,static,889,0.000600004568696022
separator_generation_time,static,890,0.000600004568696022
separator_generation_time,static,891,0.000600004568696022
separator_generation_time,static,892,0.000600004568696022
separator_generation_time,static,893,0.0004999455995857716
separator_generation_time,static,894,0.000600004568696022
separator_generation_time,static,895,0.000600004568696022
separator_generation_time,static,896,0.000700005330145359
separator_generation_time,static,897,0.000600004568696022
separator_generation_time,static,898,0.000600004568696022
separator_generation_time,static,899,0.0010999501682817936
separator_generation_time,static,900,0.001100008375942707
separator_generation_time,static,901,0.00100000761449337
separator_generation_time,static,902,0.00100000761449337
separator_generation_time,static,903,0.0008999486453831196
separator_generation_time,static,904,0.00100000761449337
separator_generation_time,static,905,0.000900006853044033
separator_generation_time,static,906,0.001100008375942707
separator_generation_time,static,907,0.0009999494068324566
separator_generation_time,static,908,0.000600004568696022
separator_generation_time,static,909,0.000600004568696022
separator_generation_time,static,910,0.000700005330145359
separator_generation_time,static,911,0.000700005330145359
separator_generation_time,static,912,0.000500003807246685
separator_generation_time,static,913,0.000600004568696022
separator_generation_time,static,914,0.0004999455995857716
separator_generation_time,static,915,0.000600004568696022
separator_generation_time,static,916,0.000600004568696022
separator_generation_time,static,917,0.000600004568696022
separator_generation_time,static,918,0.000600004568696022
separator_generation_time,static,919,0.000500003807246685
separator_generation_time,static,920,0.000700005330145359
separator_generation_time,static,921,0.0004999455995857716
separator_generation_time,static,922,0.000700005330145359
separator_generation_time,static,923,0.000600004568696022
separator_generation_time,static,924,0.000600004568696022
separator_generation_time,static,925,0.000500003807246685
separator_generation_time,static,926,0.000500003807246685
separator_generation_time,static,927,0.000700005330145359
separator_generation_time,static,928,0.0005999463610351086
separator_generation_time,static,929,0.000600004568696022
separator_generation_time,static,930,0.000600004568696022
separator_generation_time,static,931,0.000700005330145359
separator_generation_time,static,932,0.000600004568696022
separator_generation_time,static,933,0.000600004568696022
separator_generation_time,static,934,0.000500003807246685
separator_generation_time,static,935,0.000600004568696022
separator_generation_time,static,936,0.000700005330145359
separator_generation_time,static,937,0.000600004568696022
separator_generation_time,static,938,0.000500003807246685
separator_generation_time,static,939,0.000600004568696022
separator_generation_time,static,940,0.000500003807246685
separator_generation_time,static,941,0.000500003807246685
separator_generation_time,static,942,0.000600004568696022
separator_generation_time,static,943,0.0005999463610351086
separator_generation_time,static,944,0.000600004568696022
separator_generation_time,static,945,0.000900006853044033
separator_generation_time,static,946,0.000500003807246685
separator_generation_time,static,947,0.000700005330145359
separator_generation_time,static,948,0.003100023604929447
separator_generation_time,static,949,0.000700005330145359
separator_generation_time,static,950,0.000600004568696022
separator_generation_time,static,951,0.000600004568696022
separator_generation_time,static,952,0.000600004568696022
separator_generation_time,static,953,0.000700005330145359
separator_generation_time,static,954,0.000900006853044033
separator_generation_time,static,955,0.000500003807246685
separator_generation_time,static,956,0.000600004568696022
separator_generation_time,static,957,0.000600004568696022
separator_generation_time,static,958,0.0004999455995857716
separator_generation_time,static,959,0.001100008375942707
separator_generation_time,static,960,0.001100008375942707
separator_generation_time,static,961,0.001100008375942707
separator_generation_time,static,962,0.0011999509297311306
separator_generation_time,static,963,0.000900006853044033
separator_generation_time,static,964,0.000900006853044033
separator_generation_time,static,965,0.00100000761449337
separator_generation_time,static,966,0.000900006853044033
separator_generation_time,static,967,0.000900006853044033
separator_generation_time,static,968,0.00100000761449337
separator_generation_time,static,969,0.001100008375942707
separator_generation_time,static,970,0.001100008375942707
separator_generation_time,static,971,0.000900006853044033
separator_generation_time,static,972,0.000900006853044033
separator_generation_time,static,973,0.001100008375942707
separator_generation_time,static,974,0.001100008375942707
separator_generation_time,static,975,0.001100008375942707
separator_generation_time,static,976,0.00100000761449337
separator_generation_time,static,977,0.000900006853044033
separator_generation_time,static,978,0.000700005330145359
separator_generation_time,static,979,0.0005999463610351086
separator_generation_time,static,980,0.000600004568696022
separator_generation_time,static,981,0.000800006091594696
separator_generation_time,static,982,0.000600004568696022
separator_generation_time,static,983,0.000600004568696022
separator_generation_time,static,984,0.000500003807246685
separator_generation_time,static,985,0.000600004568696022
separator_generation_time,static,986,0.000600004568696022
separator_generation_time,static,987,0.000500003807246685
separator_generation_time,static,988,0.000600004568696022
separator_generation_time,static,989,0.000600004568696022
separator_generation_time,static,990,0.000600004568696022
separator_generation_time,static,991,0.000600004568696022
separator_generation_time,static,992,0.000600004568696022
separator_generation_time,static,993,0.000600004568696022
separator_generation_time,static,994,0.000500003807246685
separator_generation_time,static,995,0.000600004568696022
separator_generation_time,static,996,0.000800006091594696
separator_generation_time,static,997,0.000600004568696022
separator_generation_time,static,998,0.00300002284348011
separator_generation_time,static,999,0.000600004568696022
separator_generation_time,static,1000,0.000600004568696022
prompt_assembly_time,static,1,0.01309998333454132
prompt_assembly_time,static,2,0.007299997378140688
prompt_assembly_time,static,3,0.002900022082030773
prompt_assembly_time,static,4,0.0027999631129205227
prompt_assembly_time,static,5,0.001500011421740055
prompt_assembly_time,static,6,0.001400010660290718
prompt_assembly_time,static,7,0.001300009898841381
prompt_assembly_time,static,8,0.003200024366378784
prompt_assembly_time,static,9,0.001800013706088066
prompt_assembly_time,static,10,0.0015999539755284786
prompt_assembly_time,static,11,0.001200009137392044
prompt_assembly_time,static,12,0.001200009137392044
prompt_assembly_time,static,13,0.001200009137392044
prompt_assembly_time,static,14,0.001300009898841381
prompt_assembly_time,static,15,0.0010999501682817936
prompt_assembly_time,static,16,0.001100008375942707
prompt_assembly_time,static,17,0.001100008375942707
prompt_assembly_time,static,18,0.001200009137392044
prompt_assembly_time,static,19,0.001300009898841381
prompt_assembly_time,static,20,0.0010999501682817936
prompt_assembly_time,static,21,0.001400010660290718
prompt_assembly_time,static,22,0.001200009137392044
prompt_assembly_time,static,23,0.001100008375942707
prompt_assembly_time,static,24,0.001200009137392044
prompt_assembly_time,static,25,0.0011999509297311306
prompt_assembly_time,static,26,0.001300009898841381
prompt_assembly_time,static,27,0.001200009137392044
prompt_assembly_time,static,28,0.001200009137392044
prompt_assembly_time,static,29,0.001100008375942707
prompt_assembly_time,static,30,0.001200009137392044
prompt_assembly_time,static,31,0.001200009137392044
prompt_assembly_time,static,32,0.001200009137392044
prompt_assembly_time,static,33,0.001300009898841381
prompt_assembly_time,static,34,0.001300009898841381
prompt_assembly_time,static,35,0.0011999509297311306
prompt_assembly_time,static,36,0.001100008375942707
prompt_assembly_time,static,37,0.001100008375942707
prompt_assembly_time,static,38,0.001100008375942707
prompt_assembly_time,static,39,0.001100008375942707
prompt_assembly_time,static,40,0.001200009137392044
prompt_assembly_time,static,41,0.0010999501682817936
prompt_assembly_time,static,42,0.001200009137392044
prompt_assembly_time,static,43,0.001100008375942707
prompt_assembly_time,static,44,0.001200009137392044
prompt_assembly_time,static,45,0.001200009137392044
prompt_assembly_time,static,46,0.0010999501682817936
prompt_assembly_time,static,47,0.0039000296965241432
prompt_assembly_time,static,48,0.001200009137392044
prompt_assembly_time,static,49,0.0010999501682817936
prompt_assembly_time,static,50,0.001100008375942707
prompt_assembly_time,static,51,0.001200009137392044
prompt_assembly_time,static,52,0.001200009137392044
prompt_assembly_time,static,53,0.001100008375942707
prompt_assembly_time,static,54,0.0011999509297311306
prompt_assembly_time,static,55,0.001200009137392044
prompt_assembly_time,static,56,0.001100008375942707
prompt_assembly_time,static,57,0.001100008375942707
prompt_assembly_time,static,58,0.001200009137392044
prompt_assembly_time,static,59,0.001200009137392044
prompt_assembly_time,static,60,0.0011999509297311306
prompt_assembly_time,static,61,0.002200016751885414
prompt_assembly_time,static,62,0.001300009898841381
prompt_assembly_time,static,63,0.001200009137392044
prompt_assembly_time,static,64,0.0012999516911804676
prompt_assembly_time,static,65,0.001400010660290718
prompt_assembly_time,static,66,0.001200009137392044
prompt_assembly_time,static,67,0.001100008375942707
prompt_assembly_time,static,68,0.0011999509297311306
prompt_assembly_time,static,69,0.001200009137392044
prompt_assembly_time,static,70,0.001200009137392044
prompt_assembly_time,static,71,0.001100008375942707
prompt_assembly_time,static,72,0.001300009898841381
prompt_assembly_time,static,73,0.0011999509297311306
prompt_assembly_time,static,74,0.001200009137392044
prompt_assembly_time,static,75,0.001100008375942707
prompt_assembly_time,static,76,0.001300009898841381
prompt_assembly_time,static,77,0.0011999509297311306
prompt_assembly_time,static,78,0.001300009898841381
prompt_assembly_time,static,79,0.001200009137392044
prompt_assembly_time,static,80,0.001100008375942707
prompt_assembly_time,static,81,0.001200009137392044
prompt_assembly_time,static,82,0.0010999501682817936
prompt_assembly_time,static,83,0.001100008375942707
prompt_assembly_time,static,84,0.001100008375942707
prompt_assembly_time,static,85,0.001200009137392044
prompt_assembly_time,static,86,0.001400010660290718
prompt_assembly_time,static,87,0.0011999509297311306
prompt_assembly_time,static,88,0.001100008375942707
prompt_assembly_time,static,89,0.001200009137392044
prompt_assembly_time,static,90,0.001100008375942707
prompt_assembly_time,static,91,0.001200009137392044
prompt_assembly_time,static,92,0.001100008375942707
prompt_assembly_time,static,93,0.001100008375942707
prompt_assembly_time,static,94,0.001200009137392044
prompt_assembly_time,static,95,0.001400010660290718
prompt_assembly_time,static,96,0.001200009137392044
prompt_assembly_time,static,97,0.0010999501682817936
prompt_assembly_time,static,98,0.001700012944638729
prompt_assembly_time,static,99,0.002100015990436077
prompt_assembly_time,static,100,0.002100015990436077
prompt_assembly_time,static,101,0.001800013706088066
prompt_assembly_time,static,102,0.001900014467537403
prompt_assembly_time,static,103,0.001800013706088066
prompt_assembly_time,static,104,0.0017999554984271526
prompt_assembly_time,static,105,0.001900014467537403
prompt_assembly_time,static,106,0.00200001522898674
prompt_assembly_time,static,107,0.0019999570213258266
prompt_assembly_time,static,108,0.001900014467537403
prompt_assembly_time,static,109,0.001900014467537403
prompt_assembly_time,static,110,0.0017999554984271526
prompt_assembly_time,static,111,0.001800013706088066
prompt_assembly_time,static,112,0.001700012944638729
prompt_assembly_time,static,113,0.0020999577827751637
prompt_assembly_time,static,114,0.001900014467537403
prompt_assembly_time,static,115,0.001900014467537403
prompt_assembly_time,static,116,0.0015999539755284786
prompt_assembly_time,static,117,0.001200009137392044
prompt_assembly_time,static,118,0.001200009137392044
prompt_assembly_time,static,119,0.001200009137392044
prompt_assembly_time,static,120,0.001100008375942707
prompt_assembly_time,static,121,0.001300009898841381
prompt_assembly_time,static,122,0.002800021320581436
prompt_assembly_time,static,123,0.001100008375942707
prompt_assembly_time,static,124,0.001200009137392044
prompt_assembly_time,static,125,0.001200009137392044
prompt_assembly_time,static,126,0.0013999524526298046
prompt_assembly_time,static,127,0.001100008375942707
prompt_assembly_time,static,128,0.001200009137392044
prompt_assembly_time,static,129,0.001100008375942707
prompt_assembly_time,static,130,0.001100008375942707
prompt_assembly_time,static,131,0.001100008375942707
prompt_assembly_time,static,132,0.001200009137392044
prompt_assembly_time,static,133,0.001100008375942707
prompt_assembly_time,static,134,0.001100008375942707
prompt_assembly_time,static,135,0.001200009137392044
prompt_assembly_time,static,136,0.0010999501682817936
prompt_assembly_time,static,137,0.001100008375942707
prompt_assembly_time,static,138,0.001100008375942707
prompt_assembly_time,static,139,0.001100008375942707
prompt_assembly_time,static,140,0.001200009137392044
prompt_assembly_time,static,141,0.0010999501682817936
prompt_assembly_time,static,142,0.001200009137392044
prompt_assembly_time,static,143,0.001100008375942707
prompt_assembly_time,static,144,0.001100008375942707
prompt_assembly_time,static,145,0.001100008375942707
prompt_assembly_time,static,146,0.0011999509297311306
prompt_assembly_time,static,147,0.00100000761449337
prompt_assembly_time,static,148,0.001200009137392044
prompt_assembly_time,static,149,0.001100008375942707
prompt_assembly_time,static,150,0.001200009137392044
prompt_assembly_time,static,151,0.0010999501682817936
prompt_assembly_time,static,152,0.001100008375942707
prompt_assembly_time,static,153,0.001100008375942707
prompt_assembly_time,static,154,0.001200009137392044
prompt_assembly_time,static,155,0.001100008375942707
prompt_assembly_time,static,156,0.001100008375942707
prompt_assembly_time,static,157,0.0011999509297311306
prompt_assembly_time,static,158,0.001100008375942707
prompt_assembly_time,static,159,0.001200009137392044
prompt_assembly_time,static,160,0.001200009137392044
prompt_assembly_time,static,161,0.001100008375942707
prompt_assembly_time,static,162,0.0010999501682817936
prompt_assembly_time,static,163,0.001200009137392044
prompt_assembly_time,static,164,0.001100008375942707
prompt_assembly_time,static,165,0.001200009137392044
prompt_assembly_time,static,166,0.001100008375942707
prompt_assembly_time,static,167,0.0011999509297311306
prompt_assembly_time,static,168,0.001300009898841381
prompt_assembly_time,static,169,0.001100008375942707
prompt_assembly_time,static,170,0.001100008375942707
prompt_assembly_time,static,171,0.001100008375942707
prompt_assembly_time,static,172,0.001200009137392044
prompt_assembly_time,static,173,0.001100008375942707
prompt_assembly_time,static,174,0.001200009137392044
prompt_assembly_time,static,175,0.001200009137392044
prompt_assembly_time,static,176,0.001200009137392044
prompt_assembly_time,static,177,0.001100008375942707
prompt_assembly_time,static,178,0.001200009137392044
prompt_assembly_time,static,179,0.001100008375942707
prompt_assembly_time,static,180,0.001200009137392044
prompt_assembly_time,static,181,0.001100008375942707
prompt_assembly_time,static,182,0.001200009137392044
prompt_assembly_time,static,183,0.0011999509297311306
prompt_assembly_time,static,184,0.001100008375942707
prompt_assembly_time,static,185,0.001200009137392044
prompt_assembly_time,static,186,0.001100008375942707
prompt_assembly_time,static,187,0.001100008375942707
prompt_assembly_time,static,188,0.0010999501682817936
prompt_assembly_time,static,189,0.001100008375942707
prompt_assembly_time,static,190,0.001100008375942707
prompt_assembly_time,static,191,0.001100008375942707
prompt_assembly_time,static,192,0.001100008375942707
prompt_assembly_time,static,193,0.001100008375942707
prompt_assembly_time,static,194,0.0010999501682817936
prompt_assembly_time,static,195,0.001100008375942707
prompt_assembly_time,static,196,0.001100008375942707
prompt_assembly_time,static,197,0.001200009137392044
prompt_assembly_time,static,198,0.001200009137392044
prompt_assembly_time,static,199,0.0010999501682817936
prompt_assembly_time,static,200,0.001300009898841381
prompt_assembly_time,static,201,0.001200009137392044
prompt_assembly_time,static,202,0.0013999524526298046
prompt_assembly_time,static,203,0.001100008375942707
prompt_assembly_time,static,204,0.001200009137392044
prompt_assembly_time,static,205,0.001100008375942707
prompt_assembly_time,static,206,0.00100000761449337
prompt_assembly_time,static,207,0.001300009898841381
prompt_assembly_time,static,208,0.001100008375942707
prompt_assembly_time,static,209,0.001100008375942707
prompt_assembly_time,static,210,0.001100008375942707
prompt_assembly_time,static,211,0.001100008375942707
prompt_assembly_time,static,212,0.001100008375942707
prompt_assembly_time,static,213,0.0010999501682817936
prompt_assembly_time,static,214,0.001300009898841381
prompt_assembly_time,static,215,0.001200009137392044
prompt_assembly_time,static,216,0.001100008375942707
prompt_assembly_time,static,217,0.001100008375942707
prompt_assembly_time,static,218,0.0010999501682817936
prompt_assembly_time,static,219,0.001100008375942707
prompt_assembly_time,static,220,0.001200009137392044
prompt_assembly_time,static,221,0.001100008375942707
prompt_assembly_time,static,222,0.001100008375942707
prompt_assembly_time,static,223,0.001200009137392044
prompt_assembly_time,static,224,0.001100008375942707
prompt_assembly_time,static,225,0.001200009137392044
prompt_assembly_time,static,226,0.001100008375942707
prompt_assembly_time,static,227,0.001200009137392044
prompt_assembly_time,static,228,0.001100008375942707
prompt_assembly_time,static,229,0.0011999509297311306
prompt_assembly_time,static,230,0.001100008375942707
prompt_assembly_time,static,231,0.001100008375942707
prompt_assembly_time,static,232,0.001100008375942707
prompt_assembly_time,static,233,0.001100008375942707
prompt_assembly_time,static,234,0.0011999509297311306
prompt_assembly_time,static,235,0.001200009137392044
prompt_assembly_time,static,236,0.001100008375942707
prompt_assembly_time,static,237,0.001200009137392044
prompt_assembly_time,static,238,0.001200009137392044
prompt_assembly_time,static,239,0.0011999509297311306
prompt_assembly_time,static,240,0.001100008375942707
prompt_assembly_time,static,241,0.001100008375942707
prompt_assembly_time,static,242,0.001200009137392044
prompt_assembly_time,static,243,0.001200009137392044
prompt_assembly_time,static,244,0.0010999501682817936
prompt_assembly_time,static,245,0.001200009137392044
prompt_assembly_time,static,246,0.001200009137392044
prompt_assembly_time,static,247,0.001100008375942707
prompt_assembly_time,static,248,0.001100008375942707
prompt_assembly_time,static,249,0.001200009137392044
prompt_assembly_time,static,250,0.001100008375942707
prompt_assembly_time,static,251,0.001200009137392044
prompt_assembly_time,static,252,0.001100008375942707
prompt_assembly_time,static,253,0.001100008375942707
prompt_assembly_time,static,254,0.0012999516911804676
prompt_assembly_time,static,255,0.001100008375942707
prompt_assembly_time,static,256,0.00100000761449337
prompt_assembly_time,static,257,0.001200009137392044
prompt_assembly_time,static,258,0.001100008375942707
prompt_assembly_time,static,259,0.0010999501682817936
prompt_assembly_time,static,260,0.00100000761449337
prompt_assembly_time,static,261,0.001200009137392044
prompt_assembly_time,static,262,0.001100008375942707
prompt_assembly_time,static,263,0.001100008375942707
prompt_assembly_time,static,264,0.001100008375942707
prompt_assembly_time,static,265,0.001200009137392044
prompt_assembly_time,static,266,0.001300009898841381
prompt_assembly_time,static,267,0.001400010660290718
prompt_assembly_time,static,268,0.001100008375942707
prompt_assembly_time,static,269,0.001100008375942707
prompt_assembly_time,static,270,0.001100008375942707
prompt_assembly_time,static,271,0.001200009137392044
prompt_assembly_time,static,272,0.001100008375942707
prompt_assembly_time,static,273,0.001200009137392044
prompt_assembly_time,static,274,0.0012999516911804676
prompt_assembly_time,static,275,0.001200009137392044
prompt_assembly_time,static,276,0.001100008375942707
prompt_assembly_time,static,277,0.002300017513334751
prompt_assembly_time,static,278,0.001200009137392044
prompt_assembly_time,static,279,0.0011999509297311306
prompt_assembly_time,static,280,0.001200009137392044
prompt_assembly_time,static,281,0.001200009137392044
prompt_assembly_time,static,282,0.002200016751885414
prompt_assembly_time,static,283,0.0010999501682817936
prompt_assembly_time,static,284,0.001200009137392044
prompt_assembly_time,static,285,0.001200009137392044
prompt_assembly_time,static,286,0.002300017513334751
prompt_assembly_time,static,287,0.001100008375942707
prompt_assembly_time,static,288,0.0012999516911804676
prompt_assembly_time,static,289,0.001200009137392044
prompt_assembly_time,static,290,0.001200009137392044
prompt_assembly_time,static,291,0.001100008375942707
prompt_assembly_time,static,292,0.001200009137392044
prompt_assembly_time,static,293,0.0010999501682817936
prompt_assembly_time,static,294,0.001200009137392044
prompt_assembly_time,static,295,0.001200009137392044
prompt_assembly_time,static,296,0.001600012183189392
prompt_assembly_time,static,297,0.001200009137392044
prompt_assembly_time,static,298,0.0013999524526298046
prompt_assembly_time,static,299,0.001200009137392044
prompt_assembly_time,static,300,0.001100008375942707
prompt_assembly_time,static,301,0.001100008375942707
prompt_assembly_time,static,302,0.001100008375942707
prompt_assembly_time,static,303,0.0010999501682817936
prompt_assembly_time,static,304,0.001100008375942707
prompt_assembly_time,static,305,0.001100008375942707
prompt_assembly_time,static,306,0.001100008375942707
prompt_assembly_time,static,307,0.001200009137392044
prompt_assembly_time,static,308,0.0010999501682817936
prompt_assembly_time,static,309,0.001100008375942707
prompt_assembly_time,static,310,0.001200009137392044
prompt_assembly_time,static,311,0.001100008375942707
prompt_assembly_time,static,312,0.001100008375942707
prompt_assembly_time,static,313,0.0011999509297311306
prompt_assembly_time,static,314,0.001200009137392044
prompt_assembly_time,static,315,0.001200009137392044
prompt_assembly_time,static,316,0.001100008375942707
prompt_assembly_time,static,317,0.001200009137392044
prompt_assembly_time,static,318,0.001100008375942707
prompt_assembly_time,static,319,0.0011999509297311306
prompt_assembly_time,static,320,0.001300009898841381
prompt_assembly_time,static,321,0.001100008375942707
prompt_assembly_time,static,322,0.001100008375942707
prompt_assembly_time,static,323,0.001100008375942707
prompt_assembly_time,static,324,0.0010999501682817936
prompt_assembly_time,static,325,0.001200009137392044
prompt_assembly_time,static,326,0.001200009137392044
prompt_assembly_time,static,327,0.001200009137392044
prompt_assembly_time,static,328,0.001100008375942707
prompt_assembly_time,static,329,0.001300009898841381
prompt_assembly_time,static,330,0.001100008375942707
prompt_assembly_time,static,331,0.001200009137392044
prompt_assembly_time,static,332,0.001100008375942707
prompt_assembly_time,static,333,0.0011999509297311306
prompt_assembly_time,static,334,0.001100008375942707
prompt_assembly_time,static,335,0.001200009137392044
prompt_assembly_time,static,336,0.001200009137392044
prompt_assembly_time,static,337,0.001200009137392044
prompt_assembly_time,static,338,0.0010999501682817936
prompt_assembly_time,static,339,0.001200009137392044
prompt_assembly_time,static,340,0.001100008375942707
prompt_assembly_time,static,341,0.001100008375942707
prompt_assembly_time,static,342,0.001200009137392044
prompt_assembly_time,static,343,0.0028999638743698597
prompt_assembly_time,static,344,0.001100008375942707
prompt_assembly_time,static,345,0.001200009137392044
prompt_assembly_time,static,346,0.001100008375942707
prompt_assembly_time,static,347,0.0011999509297311306
prompt_assembly_time,static,348,0.001100008375942707
prompt_assembly_time,static,349,0.001100008375942707
prompt_assembly_time,static,350,0.001100008375942707
prompt_assembly_time,static,351,0.001100008375942707
prompt_assembly_time,static,352,0.001200009137392044
prompt_assembly_time,static,353,0.0010999501682817936
prompt_assembly_time,static,354,0.001200009137392044
prompt_assembly_time,static,355,0.001200009137392044
prompt_assembly_time,static,356,0.001100008375942707
prompt_assembly_time,static,357,0.0011999509297311306
prompt_assembly_time,static,358,0.001100008375942707
prompt_assembly_time,static,359,0.001100008375942707
prompt_assembly_time,static,360,0.001200009137392044
prompt_assembly_time,static,361,0.001100008375942707
prompt_assembly_time,static,362,0.001100008375942707
prompt_assembly_time,static,363,0.0010999501682817936
prompt_assembly_time,static,364,0.001100008375942707
prompt_assembly_time,static,365,0.001100008375942707
prompt_assembly_time,static,366,0.001100008375942707
prompt_assembly_time,static,367,0.001100008375942707
prompt_assembly_time,static,368,0.0012999516911804676
prompt_assembly_time,static,369,0.001200009137392044
prompt_assembly_time,static,370,0.001200009137392044
prompt_assembly_time,static,371,0.001300009898841381
prompt_assembly_time,static,372,0.001100008375942707
prompt_assembly_time,static,373,0.0010999501682817936
prompt_assembly_time,static,374,0.001200009137392044
prompt_assembly_time,static,375,0.001200009137392044
prompt_assembly_time,static,376,0.001300009898841381
prompt_assembly_time,static,377,0.001200009137392044
prompt_assembly_time,static,378,0.001200009137392044
prompt_assembly_time,static,379,0.001100008375942707
prompt_assembly_time,static,380,0.001200009137392044
prompt_assembly_time,static,381,0.001100008375942707
prompt_assembly_time,static,382,0.001100008375942707
prompt_assembly_time,static,383,0.001200009137392044
prompt_assembly_time,static,384,0.0011999509297311306
prompt_assembly_time,static,385,0.001100008375942707
prompt_assembly_time,static,386,0.001100008375942707
prompt_assembly_time,static,387,0.001200009137392044
prompt_assembly_time,static,388,0.00100000761449337
prompt_assembly_time,static,389,0.0009999494068324566
prompt_assembly_time,static,390,0.001100008375942707
prompt_assembly_time,static,391,0.001200009137392044
prompt_assembly_time,static,392,0.001200009137392044
prompt_assembly_time,static,393,0.001100008375942707
prompt_assembly_time,static,394,0.001200009137392044
prompt_assembly_time,static,395,0.001200009137392044
prompt_assembly_time,static,396,0.001100008375942707
prompt_assembly_time,static,397,0.001200009137392044
prompt_assembly_time,static,398,0.001100008375942707
prompt_assembly_time,static,399,0.001200009137392044
prompt_assembly_time,static,400,0.0017999554984271526
prompt_assembly_time,static,401,0.001200009137392044
prompt_assembly_time,static,402,0.001200009137392044
prompt_assembly_time,static,403,0.0011999509297311306
prompt_assembly_time,static,404,0.001200009137392044
prompt_assembly_time,static,405,0.001100008375942707
prompt_assembly_time,static,406,0.001100008375942707
prompt_assembly_time,static,407,0.001200009137392044
prompt_assembly_time,static,408,0.001200009137392044
prompt_assembly_time,static,409,0.001100008375942707
prompt_assembly_time,static,410,0.001200009137392044
prompt_assembly_time,static,411,0.001100008375942707
prompt_assembly_time,static,412,0.001100008375942707
prompt_assembly_time,static,413,0.001100008375942707
prompt_assembly_time,static,414,0.0011999509297311306
prompt_assembly_time,static,415,0.001100008375942707
prompt_assembly_time,static,416,0.001100008375942707
prompt_assembly_time,static,417,0.001100008375942707
prompt_assembly_time,static,418,0.001100008375942707
prompt_assembly_time,static,419,0.0011999509297311306
prompt_assembly_time,static,420,0.001100008375942707
prompt_assembly_time,static,421,0.001300009898841381
prompt_assembly_time,static,422,0.001100008375942707
prompt_assembly_time,static,423,0.001300009898841381
prompt_assembly_time,static,424,0.0010999501682817936
prompt_assembly_time,static,425,0.001200009137392044
prompt_assembly_time,static,426,0.001100008375942707
prompt_assembly_time,static,427,0.001300009898841381
prompt_assembly_time,static,428,0.001300009898841381
prompt_assembly_time,static,429,0.0011999509297311306
prompt_assembly_time,static,430,0.001100008375942707
prompt_assembly_time,static,431,0.001100008375942707
prompt_assembly_time,static,432,0.001200009137392044
prompt_assembly_time,static,433,0.001100008375942707
prompt_assembly_time,static,434,0.0018999562598764896
prompt_assembly_time,static,435,0.001800013706088066
prompt_assembly_time,static,436,0.00200001522898674
prompt_assembly_time,static,437,0.0018999562598764896
prompt_assembly_time,static,438,0.00200001522898674
prompt_assembly_time,static,439,0.00200001522898674
prompt_assembly_time,static,440,0.001900014467537403
prompt_assembly_time,static,441,0.001700012944638729
prompt_assembly_time,static,442,0.001800013706088066
prompt_assembly_time,static,443,0.001700012944638729
prompt_assembly_time,static,444,0.0017999554984271526
prompt_assembly_time,static,445,0.001100008375942707
prompt_assembly_time,static,446,0.001100008375942707
prompt_assembly_time,static,447,0.001100008375942707
prompt_assembly_time,static,448,0.001200009137392044
prompt_assembly_time,static,449,0.0010999501682817936
prompt_assembly_time,static,450,0.001200009137392044
prompt_assembly_time,static,451,0.002300017513334751
prompt_assembly_time,static,452,0.00200001522898674
prompt_assembly_time,static,453,0.0018999562598764896
prompt_assembly_time,static,454,0.001800013706088066
prompt_assembly_time,static,455,0.001200009137392044
prompt_assembly_time,static,456,0.001100008375942707
prompt_assembly_time,static,457,0.0011999509297311306
prompt_assembly_time,static,458,0.001200009137392044
prompt_assembly_time,static,459,0.001100008375942707
prompt_assembly_time,static,460,0.001200009137392044
prompt_assembly_time,static,461,0.0011999509297311306
prompt_assembly_time,static,462,0.001200009137392044
prompt_assembly_time,static,463,0.001200009137392044
prompt_assembly_time,static,464,0.001100008375942707
prompt_assembly_time,static,465,0.001200009137392044
prompt_assembly_time,static,466,0.001200009137392044
prompt_assembly_time,static,467,0.0010999501682817936
prompt_assembly_time,static,468,0.001100008375942707
prompt_assembly_time,static,469,0.001100008375942707
prompt_assembly_time,static,470,0.001100008375942707
prompt_assembly_time,static,471,0.001100008375942707
prompt_assembly_time,static,472,0.0012999516911804676
prompt_assembly_time,static,473,0.001100008375942707
prompt_assembly_time,static,474,0.001300009898841381
prompt_assembly_time,static,475,0.001100008375942707
prompt_assembly_time,static,476,0.001100008375942707
prompt_assembly_time,static,477,0.0010999501682817936
prompt_assembly_time,static,478,0.001100008375942707
prompt_assembly_time,static,479,0.001200009137392044
prompt_assembly_time,static,480,0.001200009137392044
prompt_assembly_time,static,481,0.001100008375942707
prompt_assembly_time,static,482,0.001200009137392044
prompt_assembly_time,static,483,0.001100008375942707
prompt_assembly_time,static,484,0.001100008375942707
prompt_assembly_time,static,485,0.001100008375942707
prompt_assembly_time,static,486,0.001100008375942707
prompt_assembly_time,static,487,0.001100008375942707
prompt_assembly_time,static,488,0.0011999509297311306
prompt_assembly_time,static,489,0.001100008375942707
prompt_assembly_time,static,490,0.001100008375942707
prompt_assembly_time,static,491,0.001300009898841381
prompt_assembly_time,static,492,0.001100008375942707
prompt_assembly_time,static,493,0.0011999509297311306
prompt_assembly_time,static,494,0.001100008375942707
prompt_assembly_time,static,495,0.001100008375942707
prompt_assembly_time,static,496,0.001200009137392044
prompt_assembly_time,static,497,0.001100008375942707
prompt_assembly_time,static,498,0.001100008375942707
prompt_assembly_time,static,499,0.001200009137392044
prompt_assembly_time,static,500,0.001100008375942707
prompt_assembly_time,static,501,0.001100008375942707
prompt_assembly_time,static,502,0.001100008375942707
prompt_assembly_time,static,503,0.001200009137392044
prompt_assembly_time,static,504,0.001100008375942707
prompt_assembly_time,static,505,0.003300025127828121
prompt_assembly_time,static,506,0.001200009137392044
prompt_assembly_time,static,507,0.0010999501682817936
prompt_assembly_time,static,508,0.001100008375942707
prompt_assembly_time,static,509,0.001300009898841381
prompt_assembly_time,static,510,0.001200009137392044
prompt_assembly_time,static,511,0.001100008375942707
prompt_assembly_time,static,512,0.001100008375942707
prompt_assembly_time,static,513,0.001100008375942707
prompt_assembly_time,static,514,0.00790000194683671
prompt_assembly_time,static,515,0.001200009137392044
prompt_assembly_time,static,516,0.001200009137392044
prompt_assembly_time,static,517,0.001100008375942707
prompt_assembly_time,static,518,0.00100000761449337
prompt_assembly_time,static,519,0.001100008375942707
prompt_assembly_time,static,520,0.001100008375942707
prompt_assembly_time,static,521,0.001100008375942707
prompt_assembly_time,static,522,0.001200009137392044
prompt_assembly_time,static,523,0.001300009898841381
prompt_assembly_time,static,524,0.001100008375942707
prompt_assembly_time,static,525,0.001200009137392044
prompt_assembly_time,static,526,0.001100008375942707
prompt_assembly_time,static,527,0.001100008375942707
prompt_assembly_time,static,528,0.001200009137392044
prompt_assembly_time,static,529,0.0012999516911804676
prompt_assembly_time,static,530,0.001200009137392044
prompt_assembly_time,static,531,0.001400010660290718
prompt_assembly_time,static,532,0.001100008375942707
prompt_assembly_time,static,533,0.001200009137392044
prompt_assembly_time,static,534,0.0011999509297311306
prompt_assembly_time,static,535,0.001100008375942707
prompt_assembly_time,static,536,0.001100008375942707
prompt_assembly_time,static,537,0.001200009137392044
prompt_assembly_time,static,538,0.001200009137392044
prompt_assembly_time,static,539,0.0011999509297311306
prompt_assembly_time,static,540,0.001100008375942707
prompt_assembly_time,static,541,0.001100008375942707
prompt_assembly_time,static,542,0.001200009137392044
prompt_assembly_time,static,543,0.001100008375942707
prompt_assembly_time,static,544,0.0011999509297311306
prompt_assembly_time,static,545,0.001100008375942707
prompt_assembly_time,static,546,0.001100008375942707
prompt_assembly_time,static,547,0.001200009137392044
prompt_assembly_time,static,548,0.001100008375942707
prompt_assembly_time,static,549,0.001200009137392044
prompt_assembly_time,static,550,0.001100008375942707
prompt_assembly_time,static,551,0.001200009137392044
prompt_assembly_time,static,552,0.001100008375942707
prompt_assembly_time,static,553,0.001100008375942707
prompt_assembly_time,static,554,0.001400010660290718
prompt_assembly_time,static,555,0.0010999501682817936
prompt_assembly_time,static,556,0.001100008375942707
prompt_assembly_time,static,557,0.001100008375942707
prompt_assembly_time,static,558,0.001200009137392044
prompt_assembly_time,static,559,0.001100008375942707
prompt_assembly_time,static,560,0.0011999509297311306
prompt_assembly_time,static,561,0.001100008375942707
prompt_assembly_time,static,562,0.001200009137392044
prompt_assembly_time,static,563,0.001100008375942707
prompt_assembly_time,static,564,0.001100008375942707
prompt_assembly_time,static,565,0.0011999509297311306
prompt_assembly_time,static,566,0.002900022082030773
prompt_assembly_time,static,567,0.001100008375942707
prompt_assembly_time,static,568,0.001200009137392044
prompt_assembly_time,static,569,0.001100008375942707
prompt_assembly_time,static,570,0.001100008375942707
prompt_assembly_time,static,571,0.001100008375942707
prompt_assembly_time,static,572,0.001200009137392044
prompt_assembly_time,static,573,0.001100008375942707
prompt_assembly_time,static,574,0.001100008375942707
prompt_assembly_time,static,575,0.0010999501682817936
prompt_assembly_time,static,576,0.001100008375942707
prompt_assembly_time,static,577,0.001200009137392044
prompt_assembly_time,static,578,0.001200009137392044
prompt_assembly_time,static,579,0.001200009137392044
prompt_assembly_time,static,580,0.0010999501682817936
prompt_assembly_time,static,581,0.001100008375942707
prompt_assembly_time,static,582,0.001100008375942707
prompt_assembly_time,static,583,0.001200009137392044
prompt_assembly_time,static,584,0.0010999501682817936
prompt_assembly_time,static,585,0.001100008375942707
prompt_assembly_time,static,586,0.001100008375942707
prompt_assembly_time,static,587,0.001100008375942707
prompt_assembly_time,static,588,0.001100008375942707
prompt_assembly_time,static,589,0.001100008375942707
prompt_assembly_time,static,590,0.0022999593056738377
prompt_assembly_time,static,591,0.001100008375942707
prompt_assembly_time,static,592,0.001100008375942707
prompt_assembly_time,static,593,0.001200009137392044
prompt_assembly_time,static,594,0.001400010660290718
prompt_assembly_time,static,595,0.001200009137392044
prompt_assembly_time,static,596,0.001100008375942707
prompt_assembly_time,static,597,0.001200009137392044
prompt_assembly_time,static,598,0.001100008375942707
prompt_assembly_time,static,599,0.001100008375942707
prompt_assembly_time,static,600,0.001100008375942707
prompt_assembly_time,static,601,0.001200009137392044
prompt_assembly_time,static,602,0.001100008375942707
prompt_assembly_time,static,603,0.001100008375942707
prompt_assembly_time,static,604,0.0010999501682817936
prompt_assembly_time,static,605,0.001200009137392044
prompt_assembly_time,static,606,0.001200009137392044
prompt_assembly_time,static,607,0.001100008375942707
prompt_assembly_time,static,608,0.001100008375942707
prompt_assembly_time,static,609,0.0010999501682817936
prompt_assembly_time,static,610,0.001100008375942707
prompt_assembly_time,static,611,0.001100008375942707
prompt_assembly_time,static,612,0.001200009137392044
prompt_assembly_time,static,613,0.001100008375942707
prompt_assembly_time,static,614,0.0015999539755284786
prompt_assembly_time,static,615,0.001200009137392044
prompt_assembly_time,static,616,0.001200009137392044
prompt_assembly_time,static,617,0.001100008375942707
prompt_assembly_time,static,618,0.001100008375942707
prompt_assembly_time,static,619,0.001300009898841381
prompt_assembly_time,static,620,0.001100008375942707
prompt_assembly_time,static,621,0.001100008375942707
prompt_assembly_time,static,622,0.001100008375942707
prompt_assembly_time,static,623,0.001200009137392044
prompt_assembly_time,static,624,0.001200009137392044
prompt_assembly_time,static,625,0.0010999501682817936
prompt_assembly_time,static,626,0.001100008375942707
prompt_assembly_time,static,627,0.001200009137392044
prompt_assembly_time,static,628,0.001100008375942707
prompt_assembly_time,static,629,0.001100008375942707
prompt_assembly_time,static,630,0.0010999501682817936
prompt_assembly_time,static,631,0.001100008375942707
prompt_assembly_time,static,632,0.001100008375942707
prompt_assembly_time,static,633,0.001100008375942707
prompt_assembly_time,static,634,0.001100008375942707
prompt_assembly_time,static,635,0.001100008375942707
prompt_assembly_time,static,636,0.001100008375942707
prompt_assembly_time,static,637,0.001200009137392044
prompt_assembly_time,static,638,0.001200009137392044
prompt_assembly_time,static,639,0.001100008375942707
prompt_assembly_time,static,640,0.001100008375942707
prompt_assembly_time,static,641,0.0010999501682817936
prompt_assembly_time,static,642,0.001100008375942707
prompt_assembly_time,static,643,0.001200009137392044
prompt_assembly_time,static,644,0.001100008375942707
prompt_assembly_time,static,645,0.001200009137392044
prompt_assembly_time,static,646,0.0011999509297311306
prompt_assembly_time,static,647,0.001100008375942707
prompt_assembly_time,static,648,0.001100008375942707
prompt_assembly_time,static,649,0.001100008375942707
prompt_assembly_time,static,650,0.001200009137392044
prompt_assembly_time,static,651,0.001100008375942707
prompt_assembly_time,static,652,0.001200009137392044
prompt_assembly_time,static,653,0.001100008375942707
prompt_assembly_time,static,654,0.001100008375942707
prompt_assembly_time,static,655,0.001200009137392044
prompt_assembly_time,static,656,0.001100008375942707
prompt_assembly_time,static,657,0.0010999501682817936
prompt_assembly_time,static,658,0.001100008375942707
prompt_assembly_time,static,659,0.001100008375942707
prompt_assembly_time,static,660,0.001100008375942707
prompt_assembly_time,static,661,0.001200009137392044
prompt_assembly_time,static,662,0.0010999501682817936
prompt_assembly_time,static,663,0.001100008375942707
prompt_assembly_time,static,664,0.001200009137392044
prompt_assembly_time,static,665,0.001200009137392044
prompt_assembly_time,static,666,0.001400010660290718
prompt_assembly_time,static,667,0.0010999501682817936
prompt_assembly_time,static,668,0.001300009898841381
prompt_assembly_time,static,669,0.001300009898841381
prompt_assembly_time,static,670,0.001100008375942707
prompt_assembly_time,static,671,0.0011999509297311306
prompt_assembly_time,static,672,0.002100015990436077
prompt_assembly_time,static,673,0.001200009137392044
prompt_assembly_time,static,674,0.001200009137392044
prompt_assembly_time,static,675,0.0021999585442245007
prompt_assembly_time,static,676,0.001100008375942707
prompt_assembly_time,static,677,0.001200009137392044
prompt_assembly_time,static,678,0.001200009137392044
prompt_assembly_time,static,679,0.001200009137392044
prompt_assembly_time,static,680,0.001100008375942707
prompt_assembly_time,static,681,0.001100008375942707
prompt_assembly_time,static,682,0.001100008375942707
prompt_assembly_time,static,683,0.001100008375942707
prompt_assembly_time,static,684,0.001100008375942707
prompt_assembly_time,static,685,0.0010999501682817936
prompt_assembly_time,static,686,0.001200009137392044
prompt_assembly_time,static,687,0.001100008375942707
prompt_assembly_time,static,688,0.001200009137392044
prompt_assembly_time,static,689,0.001100008375942707
prompt_assembly_time,static,690,0.0012999516911804676
prompt_assembly_time,static,691,0.001100008375942707
prompt_assembly_time,static,692,0.001100008375942707
prompt_assembly_time,static,693,0.001200009137392044
prompt_assembly_time,static,694,0.001100008375942707
prompt_assembly_time,static,695,0.00100000761449337
prompt_assembly_time,static,696,0.001200009137392044
prompt_assembly_time,static,697,0.001200009137392044
prompt_assembly_time,static,698,0.001100008375942707
prompt_assembly_time,static,699,0.001200009137392044
prompt_assembly_time,static,700,0.001100008375942707
prompt_assembly_time,static,701,0.0010999501682817936
prompt_assembly_time,static,702,0.001300009898841381
prompt_assembly_time,static,703,0.001100008375942707
prompt_assembly_time,static,704,0.001300009898841381
prompt_assembly_time,static,705,0.001200009137392044
prompt_assembly_time,static,706,0.0010999501682817936
prompt_assembly_time,static,707,0.001200009137392044
prompt_assembly_time,static,708,0.001200009137392044
prompt_assembly_time,static,709,0.001200009137392044
prompt_assembly_time,static,710,0.001200009137392044
prompt_assembly_time,static,711,0.001300009898841381
prompt_assembly_time,static,712,0.001100008375942707
prompt_assembly_time,static,713,0.001200009137392044
prompt_assembly_time,static,714,0.001100008375942707
prompt_assembly_time,static,715,0.0011999509297311306
prompt_assembly_time,static,716,0.001200009137392044
prompt_assembly_time,static,717,0.001100008375942707
prompt_assembly_time,static,718,0.001100008375942707
prompt_assembly_time,static,719,0.001200009137392044
prompt_assembly_time,static,720,0.0011999509297311306
prompt_assembly_time,static,721,0.001200009137392044
prompt_assembly_time,static,722,0.001100008375942707
prompt_assembly_time,static,723,0.001200009137392044
prompt_assembly_time,static,724,0.001100008375942707
prompt_assembly_time,static,725,0.001100008375942707
prompt_assembly_time,static,726,0.001300009898841381
prompt_assembly_time,static,727,0.001100008375942707
prompt_assembly_time,static,728,0.001100008375942707
prompt_assembly_time,static,729,0.001200009137392044
prompt_assembly_time,static,730,0.001200009137392044
prompt_assembly_time,static,731,0.001100008375942707
prompt_assembly_time,static,732,0.001100008375942707
prompt_assembly_time,static,733,0.001100008375942707
prompt_assembly_time,static,734,0.001200009137392044
prompt_assembly_time,static,735,0.001100008375942707
prompt_assembly_time,static,736,0.0012999516911804676
prompt_assembly_time,static,737,0.001200009137392044
prompt_assembly_time,static,738,0.00100000761449337
prompt_assembly_time,static,739,0.001100008375942707
prompt_assembly_time,static,740,0.001200009137392044
prompt_assembly_time,static,741,0.0010999501682817936
prompt_assembly_time,static,742,0.001200009137392044
prompt_assembly_time,static,743,0.001100008375942707
prompt_assembly_time,static,744,0.001200009137392044
prompt_assembly_time,static,745,0.001100008375942707
prompt_assembly_time,static,746,0.0010999501682817936
prompt_assembly_time,static,747,0.001300009898841381
prompt_assembly_time,static,748,0.001200009137392044
prompt_assembly_time,static,749,0.001200009137392044
prompt_assembly_time,static,750,0.001100008375942707
prompt_assembly_time,static,751,0.001100008375942707
prompt_assembly_time,static,752,0.001100008375942707
prompt_assembly_time,static,753,0.001200009137392044
prompt_assembly_time,static,754,0.001100008375942707
prompt_assembly_time,static,755,0.001100008375942707
prompt_assembly_time,static,756,0.001100008375942707
prompt_assembly_time,static,757,0.0010999501682817936
prompt_assembly_time,static,758,0.001200009137392044
prompt_assembly_time,static,759,0.001100008375942707
prompt_assembly_time,static,760,0.001100008375942707
prompt_assembly_time,static,761,0.001100008375942707
prompt_assembly_time,static,762,0.0011999509297311306
prompt_assembly_time,static,763,0.001200009137392044
prompt_assembly_time,static,764,0.001200009137392044
prompt_assembly_time,static,765,0.001100008375942707
prompt_assembly_time,static,766,0.001300009898841381
prompt_assembly_time,static,767,0.0010999501682817936
prompt_assembly_time,static,768,0.001200009137392044
prompt_assembly_time,static,769,0.001100008375942707
prompt_assembly_time,static,770,0.001100008375942707
prompt_assembly_time,static,771,0.002400018274784088
prompt_assembly_time,static,772,0.0011999509297311306
prompt_assembly_time,static,773,0.001100008375942707
prompt_assembly_time,static,774,0.00200001522898674
prompt_assembly_time,static,775,0.0019999570213258266
prompt_assembly_time,static,776,0.001800013706088066
prompt_assembly_time,static,777,0.001700012944638729
prompt_assembly_time,static,778,0.0017999554984271526
prompt_assembly_time,static,779,0.001800013706088066
prompt_assembly_time,static,780,0.001700012944638729
prompt_assembly_time,static,781,0.001700012944638729
prompt_assembly_time,static,782,0.0016999547369778156
prompt_assembly_time,static,783,0.001700012944638729
prompt_assembly_time,static,784,0.001600012183189392
prompt_assembly_time,static,785,0.001700012944638729
prompt_assembly_time,static,786,0.001900014467537403
prompt_assembly_time,static,787,0.001800013706088066
prompt_assembly_time,static,788,0.001700012944638729
prompt_assembly_time,static,789,0.0016999547369778156
prompt_assembly_time,static,790,0.001700012944638729
prompt_assembly_time,static,791,0.001800013706088066
prompt_assembly_time,static,792,0.0017999554984271526
prompt_assembly_time,static,793,0.001900014467537403
prompt_assembly_time,static,794,0.001800013706088066
prompt_assembly_time,static,795,0.001800013706088066
prompt_assembly_time,static,796,0.001700012944638729
prompt_assembly_time,static,797,0.001900014467537403
prompt_assembly_time,static,798,0.001800013706088066
prompt_assembly_time,static,799,0.0017999554984271526
prompt_assembly_time,static,800,0.001800013706088066
prompt_assembly_time,static,801,0.001900014467537403
prompt_assembly_time,static,802,0.0016999547369778156
prompt_assembly_time,static,803,0.001800013706088066
prompt_assembly_time,static,804,0.001800013706088066
prompt_assembly_time,static,805,0.001800013706088066
prompt_assembly_time,static,806,0.00200001522898674
prompt_assembly_time,static,807,0.001800013706088066
prompt_assembly_time,static,808,0.001700012944638729
prompt_assembly_time,static,809,0.0014999532140791416
prompt_assembly_time,static,810,0.001500011421740055
prompt_assembly_time,static,811,0.001700012944638729
prompt_assembly_time,static,812,0.0023999600671231747
prompt_assembly_time,static,813,0.001900014467537403
prompt_assembly_time,static,814,0.001800013706088066
prompt_assembly_time,static,815,0.0027999631129205227
prompt_assembly_time,static,816,0.001900014467537403
prompt_assembly_time,static,817,0.001900014467537403
prompt_assembly_time,static,818,0.0017999554984271526
prompt_assembly_time,static,819,0.001900014467537403
prompt_assembly_time,static,820,0.001900014467537403
prompt_assembly_time,static,821,0.001800013706088066
prompt_assembly_time,static,822,0.00200001522898674
prompt_assembly_time,static,823,0.001900014467537403
prompt_assembly_time,static,824,0.0023999600671231747
prompt_assembly_time,static,825,0.00200001522898674
prompt_assembly_time,static,826,0.001700012944638729
prompt_assembly_time,static,827,0.001800013706088066
prompt_assembly_time,static,828,0.00200001522898674
prompt_assembly_time,static,829,0.003400025889277458
prompt_assembly_time,static,830,0.0035999692045152187
prompt_assembly_time,static,831,0.00300002284348011
prompt_assembly_time,static,832,0.0022999593056738377
prompt_assembly_time,static,833,0.002200016751885414
prompt_assembly_time,static,834,0.0023999600671231747
prompt_assembly_time,static,835,0.001800013706088066
prompt_assembly_time,static,836,0.001900014467537403
prompt_assembly_time,static,837,0.0020999577827751637
prompt_assembly_time,static,838,0.002100015990436077
prompt_assembly_time,static,839,0.002400018274784088
prompt_assembly_time,static,840,0.00200001522898674
prompt_assembly_time,static,841,0.002100015990436077
prompt_assembly_time,static,842,0.002100015990436077
prompt_assembly_time,static,843,0.001900014467537403
prompt_assembly_time,static,844,0.002100015990436077
prompt_assembly_time,static,845,0.00200001522898674
prompt_assembly_time,static,846,0.002100015990436077
prompt_assembly_time,static,847,0.00200001522898674
prompt_assembly_time,static,848,0.00200001522898674
prompt_assembly_time,static,849,0.00200001522898674
prompt_assembly_time,static,850,0.001800013706088066
prompt_assembly_time,static,851,0.001900014467537403
prompt_assembly_time,static,852,0.00200001522898674
prompt_assembly_time,static,853,0.00200001522898674
prompt_assembly_time,static,854,0.001800013706088066
prompt_assembly_time,static,855,0.001900014467537403
prompt_assembly_time,static,856,0.001900014467537403
prompt_assembly_time,static,857,0.0018999562598764896
prompt_assembly_time,static,858,0.00200001522898674
prompt_assembly_time,static,859,0.002200016751885414
prompt_assembly_time,static,860,0.0017999554984271526
prompt_assembly_time,static,861,0.002300017513334751
prompt_assembly_time,static,862,0.0019999570213258266
prompt_assembly_time,static,863,0.001900014467537403
prompt_assembly_time,static,864,0.004399975296109915
prompt_assembly_time,static,865,0.002100015990436077
prompt_assembly_time,static,866,0.001900014467537403
prompt_assembly_time,static,867,0.0017999554984271526
prompt_assembly_time,static,868,0.001800013706088066
prompt_assembly_time,static,869,0.001900014467537403
prompt_assembly_time,static,870,0.001800013706088066
prompt_assembly_time,static,871,0.001800013706088066
prompt_assembly_time,static,872,0.001700012944638729
prompt_assembly_time,static,873,0.001700012944638729
prompt_assembly_time,static,874,0.0032999669201672077
prompt_assembly_time,static,875,0.00200001522898674
prompt_assembly_time,static,876,0.00200001522898674
prompt_assembly_time,static,877,0.002700020559132099
prompt_assembly_time,static,878,0.002500019036233425
prompt_assembly_time,static,879,0.0021999585442245007
prompt_assembly_time,static,880,0.002100015990436077
prompt_assembly_time,static,881,0.001900014467537403
prompt_assembly_time,static,882,0.0019999570213258266
prompt_assembly_time,static,883,0.001900014467537403
prompt_assembly_time,static,884,0.002100015990436077
prompt_assembly_time,static,885,0.0020999577827751637
prompt_assembly_time,static,886,0.00200001522898674
prompt_assembly_time,static,887,0.00200001522898674
prompt_assembly_time,static,888,0.0018999562598764896
prompt_assembly_time,static,889,0.00200001522898674
prompt_assembly_time,static,890,0.002100015990436077
prompt_assembly_time,static,891,0.0024999608285725117
prompt_assembly_time,static,892,0.00200001522898674
prompt_assembly_time,static,893,0.00200001522898674
prompt_assembly_time,static,894,0.0018999562598764896
prompt_assembly_time,static,895,0.00200001522898674
prompt_assembly_time,static,896,0.00200001522898674
prompt_assembly_time,static,897,0.0018999562598764896
prompt_assembly_time,static,898,0.001900014467537403
prompt_assembly_time,static,899,0.001900014467537403
prompt_assembly_time,static,900,0.0018999562598764896
prompt_assembly_time,static,901,0.001900014467537403
prompt_assembly_time,static,902,0.00200001522898674
prompt_assembly_time,static,903,0.0018999562598764896
prompt_assembly_time,static,904,0.001800013706088066
prompt_assembly_time,static,905,0.001900014467537403
prompt_assembly_time,static,906,0.0018999562598764896
prompt_assembly_time,static,907,0.001900014467537403
prompt_assembly_time,static,908,0.00200001522898674
prompt_assembly_time,static,909,0.0019999570213258266
prompt_assembly_time,static,910,0.001800013706088066
prompt_assembly_time,static,911,0.002100015990436077
prompt_assembly_time,static,912,0.002100015990436077
prompt_assembly_time,static,913,0.001900014467537403
prompt_assembly_time,static,914,0.00200001522898674
prompt_assembly_time,static,915,0.002100015990436077
prompt_assembly_time,static,916,0.002100015990436077
prompt_assembly_time,static,917,0.00200001522898674
prompt_assembly_time,static,918,0.001800013706088066
prompt_assembly_time,static,919,0.001900014467537403
prompt_assembly_time,static,920,0.002200016751885414
prompt_assembly_time,static,921,0.001900014467537403
prompt_assembly_time,static,922,0.002100015990436077
prompt_assembly_time,static,923,0.001900014467537403
prompt_assembly_time,static,924,0.0021999585442245007
prompt_assembly_time,static,925,0.00200001522898674
prompt_assembly_time,static,926,0.00200001522898674
prompt_assembly_time,static,927,0.001900014467537403
prompt_assembly_time,static,928,0.001800013706088066
prompt_assembly_time,static,929,0.00200001522898674
prompt_assembly_time,static,930,0.001900014467537403
prompt_assembly_time,static,931,0.00200001522898674
prompt_assembly_time,static,932,0.001900014467537403
prompt_assembly_time,static,933,0.001800013706088066
prompt_assembly_time,static,934,0.0019999570213258266
prompt_assembly_time,static,935,0.001900014467537403
prompt_assembly_time,static,936,0.002100015990436077
prompt_assembly_time,static,937,0.0020999577827751637
prompt_assembly_time,static,938,0.001800013706088066
prompt_assembly_time,static,939,0.001800013706088066
prompt_assembly_time,static,940,0.0018999562598764896
prompt_assembly_time,static,941,0.001900014467537403
prompt_assembly_time,static,942,0.001900014467537403
prompt_assembly_time,static,943,0.0018999562598764896
prompt_assembly_time,static,944,0.00200001522898674
prompt_assembly_time,static,945,0.002100015990436077
prompt_assembly_time,static,946,0.0017999554984271526
prompt_assembly_time,static,947,0.00200001522898674
prompt_assembly_time,static,948,0.001900014467537403
prompt_assembly_time,static,949,0.0019999570213258266
prompt_assembly_time,static,950,0.001900014467537403
prompt_assembly_time,static,951,0.001900014467537403
prompt_assembly_time,static,952,0.001900014467537403
prompt_assembly_time,static,953,0.001900014467537403
prompt_assembly_time,static,954,0.002200016751885414
prompt_assembly_time,static,955,0.001900014467537403
prompt_assembly_time,static,956,0.001900014467537403
prompt_assembly_time,static,957,0.001900014467537403
prompt_assembly_time,static,958,0.001900014467537403
prompt_assembly_time,static,959,0.0018999562598764896
prompt_assembly_time,static,960,0.00200001522898674
prompt_assembly_time,static,961,0.001800013706088066
prompt_assembly_time,static,962,0.0017999554984271526
prompt_assembly_time,static,963,0.001800013706088066
prompt_assembly_time,static,964,0.001800013706088066
prompt_assembly_time,static,965,0.0018999562598764896
prompt_assembly_time,static,966,0.00200001522898674
prompt_assembly_time,static,967,0.002100015990436077
prompt_assembly_time,static,968,0.0019999570213258266
prompt_assembly_time,static,969,0.002200016751885414
prompt_assembly_time,static,970,0.00200001522898674
prompt_assembly_time,static,971,0.0018999562598764896
prompt_assembly_time,static,972,0.00200001522898674
prompt_assembly_time,static,973,0.001900014467537403
prompt_assembly_time,static,974,0.0017999554984271526
prompt_assembly_time,static,975,0.001900014467537403
prompt_assembly_time,static,976,0.001900014467537403
prompt_assembly_time,static,977,0.0020999577827751637
prompt_assembly_time,static,978,0.00200001522898674
prompt_assembly_time,static,979,0.001900014467537403
prompt_assembly_time,static,980,0.0017999554984271526
prompt_assembly_time,static,981,0.00200001522898674
prompt_assembly_time,static,982,0.001800013706088066
prompt_assembly_time,static,983,0.0018999562598764896
prompt_assembly_time,static,984,0.001800013706088066
prompt_assembly_time,static,985,0.001900014467537403
prompt_assembly_time,static,986,0.001800013706088066
prompt_assembly_time,static,987,0.001800013706088066
prompt_assembly_time,static,988,0.001900014467537403
prompt_assembly_time,static,989,0.002100015990436077
prompt_assembly_time,static,990,0.001900014467537403
prompt_assembly_time,static,991,0.001900014467537403
prompt_assembly_time,static,992,0.00200001522898674
prompt_assembly_time,static,993,0.0018999562598764896
prompt_assembly_time,static,994,0.001900014467537403
prompt_assembly_time,static,995,0.00200001522898674
prompt_assembly_time,static,996,0.0020999577827751637
prompt_assembly_time,static,997,0.00200001522898674
prompt_assembly_time,static,998,0.00200001522898674
prompt_assembly_time,static,999,0.0019999570213258266
prompt_assembly_time,static,1000,0.001900014467537403
separator_generation_time,dynamic,1,0.05749997217208147
separator_generation_time,dynamic,2,0.006399990525096655
separator_generation_time,dynamic,3,0.004699977580457926
separator_generation_time,dynamic,4,0.007199996616691351
separator_generation_time,dynamic,5,0.006100046448409557
separator_generation_time,dynamic,6,0.004100031219422817
separator_generation_time,dynamic,7,0.004699977580457926
separator_generation_time,dynamic,8,0.00589998671784997
separator_generation_time,dynamic,9,0.004100031219422817
separator_generation_time,dynamic,10,0.0035999692045152187
separator_generation_time,dynamic,11,0.003200024366378784
separator_generation_time,dynamic,12,0.0031999661587178707
separator_generation_time,dynamic,13,0.00300002284348011
separator_generation_time,dynamic,14,0.0030999653972685337
separator_generation_time,dynamic,15,0.003500026650726795
separator_generation_time,dynamic,16,0.003200024366378784
separator_generation_time,dynamic,17,0.003100023604929447
separator_generation_time,dynamic,18,0.003100023604929447
separator_generation_time,dynamic,19,0.0030999653972685337
separator_generation_time,dynamic,20,0.003100023604929447
separator_generation_time,dynamic,21,0.0031999661587178707
separator_generation_time,dynamic,22,0.003200024366378784
separator_generation_time,dynamic,23,0.0031999661587178707
separator_generation_time,dynamic,24,0.00300002284348011
separator_generation_time,dynamic,25,0.0029999646358191967
separator_generation_time,dynamic,26,0.00300002284348011
separator_generation_time,dynamic,27,0.003200024366378784
separator_generation_time,dynamic,28,0.0029999646358191967
separator_generation_time,dynamic,29,0.003100023604929447
separator_generation_time,dynamic,30,0.0029999646358191967
separator_generation_time,dynamic,31,0.003400025889277458
separator_generation_time,dynamic,32,0.0029999646358191967
separator_generation_time,dynamic,33,0.003100023604929447
separator_generation_time,dynamic,34,0.0029999646358191967
separator_generation_time,dynamic,35,0.00300002284348011
separator_generation_time,dynamic,36,0.00300002284348011
separator_generation_time,dynamic,37,0.0029999646358191967
separator_generation_time,dynamic,38,0.003100023604929447
separator_generation_time,dynamic,39,0.0031999661587178707
separator_generation_time,dynamic,40,0.002900022082030773
separator_generation_time,dynamic,41,0.0028999638743698597
separator_generation_time,dynamic,42,0.00300002284348011
separator_generation_time,dynamic,43,0.00300002284348011
separator_generation_time,dynamic,44,0.005500041879713535
separator_generation_time,dynamic,45,0.0031999661587178707
separator_generation_time,dynamic,46,0.00300002284348011
separator_generation_time,dynamic,47,0.0031999661587178707
separator_generation_time,dynamic,48,0.00300002284348011
separator_generation_time,dynamic,49,0.00300002284348011
separator_generation_time,dynamic,50,0.003400025889277458
separator_generation_time,dynamic,51,0.004999979864805937
separator_generation_time,dynamic,52,0.00500003807246685
separator_generation_time,dynamic,53,0.005199981387704611
separator_generation_time,dynamic,54,0.0048999791033566
separator_generation_time,dynamic,55,0.004999979864805937
separator_generation_time,dynamic,56,0.005100038833916187
separator_generation_time,dynamic,57,0.0048999791033566
separator_generation_time,dynamic,58,0.012299977242946625
separator_generation_time,dynamic,59,0.004800036549568176
separator_generation_time,dynamic,60,0.0032999669201672077
separator_generation_time,dynamic,61,0.003200024366378784
separator_generation_time,dynamic,62,0.0029999646358191967
separator_generation_time,dynamic,63,0.003200024366378784
separator_generation_time,dynamic,64,0.0030999653972685337
separator_generation_time,dynamic,65,0.00300002284348011
separator_generation_time,dynamic,66,0.0030999653972685337
separator_generation_time,dynamic,67,0.002900022082030773
separator_generation_time,dynamic,68,0.00300002284348011
separator_generation_time,dynamic,69,0.0030999653972685337
separator_generation_time,dynamic,70,0.002900022082030773
separator_generation_time,dynamic,71,0.0033999676816165447
separator_generation_time,dynamic,72,0.00300002284348011
separator_generation_time,dynamic,73,0.0028999638743698597
separator_generation_time,dynamic,74,0.00300002284348011
separator_generation_time,dynamic,75,0.0029999646358191967
separator_generation_time,dynamic,76,0.002900022082030773
separator_generation_time,dynamic,77,0.00300002284348011
separator_generation_time,dynamic,78,0.00300002284348011
separator_generation_time,dynamic,79,0.003200024366378784
separator_generation_time,dynamic,80,0.0028999638743698597
separator_generation_time,dynamic,81,0.003100023604929447
separator_generation_time,dynamic,82,0.0029999646358191967
separator_generation_time,dynamic,83,0.003100023604929447
separator_generation_time,dynamic,84,0.0031999661587178707
separator_generation_time,dynamic,85,0.00300002284348011
separator_generation_time,dynamic,86,0.004499976057559252
separator_generation_time,dynamic,87,0.003200024366378784
separator_generation_time,dynamic,88,0.0029999646358191967
separator_generation_time,dynamic,89,0.003100023604929447
separator_generation_time,dynamic,90,0.002900022082030773
separator_generation_time,dynamic,91,0.0028999638743698597
separator_generation_time,dynamic,92,0.002900022082030773
separator_generation_time,dynamic,93,0.0030999653972685337
separator_generation_time,dynamic,94,0.003100023604929447
separator_generation_time,dynamic,95,0.0031999661587178707
separator_generation_time,dynamic,96,0.003100023604929447
separator_generation_time,dynamic,97,0.002900022082030773
separator_generation_time,dynamic,98,0.00300002284348011
separator_generation_time,dynamic,99,0.00300002284348011
separator_generation_time,dynamic,100,0.0028999638743698597
separator_generation_time,dynamic,101,0.003100023604929447
separator_generation_time,dynamic,102,0.0028999638743698597
separator_generation_time,dynamic,103,0.003100023604929447
separator_generation_time,dynamic,104,0.0029999646358191967
separator_generation_time,dynamic,105,0.002900022082030773
separator_generation_time,dynamic,106,0.002900022082030773
separator_generation_time,dynamic,107,0.0030999653972685337
separator_generation_time,dynamic,108,0.002900022082030773
separator_generation_time,dynamic,109,0.0029999646358191967
separator_generation_time,dynamic,110,0.002900022082030773
separator_generation_time,dynamic,111,0.0032999669201672077
separator_generation_time,dynamic,112,0.002900022082030773
separator_generation_time,dynamic,113,0.00300002284348011
separator_generation_time,dynamic,114,0.002900022082030773
separator_generation_time,dynamic,115,0.00300002284348011
separator_generation_time,dynamic,116,0.0028999638743698597
separator_generation_time,dynamic,117,0.002900022082030773
separator_generation_time,dynamic,118,0.0029999646358191967
separator_generation_time,dynamic,119,0.003200024366378784
separator_generation_time,dynamic,120,0.002900022082030773
separator_generation_time,dynamic,121,0.0031999661587178707
separator_generation_time,dynamic,122,0.002800021320581436
separator_generation_time,dynamic,123,0.0029999646358191967
separator_generation_time,dynamic,124,0.002900022082030773
separator_generation_time,dynamic,125,0.0028999638743698597
separator_generation_time,dynamic,126,0.002900022082030773
separator_generation_time,dynamic,127,0.003200024366378784
separator_generation_time,dynamic,128,0.003100023604929447
separator_generation_time,dynamic,129,0.00300002284348011
separator_generation_time,dynamic,130,0.0029999646358191967
separator_generation_time,dynamic,131,0.002900022082030773
separator_generation_time,dynamic,132,0.0048999791033566
separator_generation_time,dynamic,133,0.003100023604929447
separator_generation_time,dynamic,134,0.0029999646358191967
separator_generation_time,dynamic,135,0.003100023604929447
separator_generation_time,dynamic,136,0.0028999638743698597
separator_generation_time,dynamic,137,0.00300002284348011
separator_generation_time,dynamic,138,0.0029999646358191967
separator_generation_time,dynamic,139,0.00300002284348011
separator_generation_time,dynamic,140,0.00300002284348011
separator_generation_time,dynamic,141,0.0029999646358191967
separator_generation_time,dynamic,142,0.00300002284348011
separator_generation_time,dynamic,143,0.0031999661587178707
separator_generation_time,dynamic,144,0.00300002284348011
separator_generation_time,dynamic,145,0.0029999646358191967
separator_generation_time,dynamic,146,0.00300002284348011
separator_generation_time,dynamic,147,0.00300002284348011
separator_generation_time,dynamic,148,0.0029999646358191967
separator_generation_time,dynamic,149,0.00300002284348011
separator_generation_time,dynamic,150,0.0030999653972685337
separator_generation_time,dynamic,151,0.003200024366378784
separator_generation_time,dynamic,152,0.004199973773211241
separator_generation_time,dynamic,153,0.00300002284348011
separator_generation_time,dynamic,154,0.0029999646358191967
separator_generation_time,dynamic,155,0.003200024366378784
separator_generation_time,dynamic,156,0.0030999653972685337
separator_generation_time,dynamic,157,0.00300002284348011
separator_generation_time,dynamic,158,0.002900022082030773
separator_generation_time,dynamic,159,0.0030999653972685337
separator_generation_time,dynamic,160,0.003100023604929447
separator_generation_time,dynamic,161,0.0029999646358191967
separator_generation_time,dynamic,162,0.002900022082030773
separator_generation_time,dynamic,163,0.0029999646358191967
separator_generation_time,dynamic,164,0.00300002284348011
separator_generation_time,dynamic,165,0.002900022082030773
separator_generation_time,dynamic,166,0.0029999646358191967
separator_generation_time,dynamic,167,0.003200024366378784
separator_generation_time,dynamic,168,0.0029999646358191967
separator_generation_time,dynamic,169,0.003100023604929447
separator_generation_time,dynamic,170,0.0028999638743698597
separator_generation_time,dynamic,171,0.00300002284348011
separator_generation_time,dynamic,172,0.002900022082030773
separator_generation_time,dynamic,173,0.0030999653972685337
separator_generation_time,dynamic,174,0.003400025889277458
separator_generation_time,dynamic,175,0.0033999676816165447
separator_generation_time,dynamic,176,0.003100023604929447
separator_generation_time,dynamic,177,0.0030999653972685337
separator_generation_time,dynamic,178,0.00300002284348011
separator_generation_time,dynamic,179,0.0030999653972685337
separator_generation_time,dynamic,180,0.00300002284348011
separator_generation_time,dynamic,181,0.0030999653972685337
separator_generation_time,dynamic,182,0.00300002284348011
separator_generation_time,dynamic,183,0.003200024366378784
separator_generation_time,dynamic,184,0.0029999646358191967
separator_generation_time,dynamic,185,0.00300002284348011
separator_generation_time,dynamic,186,0.0029999646358191967
separator_generation_time,dynamic,187,0.00300002284348011
separator_generation_time,dynamic,188,0.0029999646358191967
separator_generation_time,dynamic,189,0.003100023604929447
separator_generation_time,dynamic,190,0.00300002284348011
separator_generation_time,dynamic,191,0.0031999661587178707
separator_generation_time,dynamic,192,0.002900022082030773
separator_generation_time,dynamic,193,0.0028999638743698597
separator_generation_time,dynamic,194,0.00300002284348011
separator_generation_time,dynamic,195,0.004299974534660578
separator_generation_time,dynamic,196,0.005299982149153948
separator_generation_time,dynamic,197,0.005200039595365524
separator_generation_time,dynamic,198,0.0048999791033566
separator_generation_time,dynamic,199,0.004599976819008589
separator_generation_time,dynamic,200,0.004400033503770828
separator_generation_time,dynamic,201,0.004299974534660578
separator_generation_time,dynamic,202,0.004499976057559252
separator_generation_time,dynamic,203,0.004900037311017513
separator_generation_time,dynamic,204,0.005099980626255274
separator_generation_time,dynamic,205,0.003100023604929447
separator_generation_time,dynamic,206,0.002900022082030773
separator_generation_time,dynamic,207,0.003500026650726795
separator_generation_time,dynamic,208,0.0030999653972685337
separator_generation_time,dynamic,209,0.00300002284348011
separator_generation_time,dynamic,210,0.0028999638743698597
separator_generation_time,dynamic,211,0.003100023604929447
separator_generation_time,dynamic,212,0.0029999646358191967
separator_generation_time,dynamic,213,0.00300002284348011
separator_generation_time,dynamic,214,0.00300002284348011
separator_generation_time,dynamic,215,0.0031999661587178707
separator_generation_time,dynamic,216,0.002900022082030773
separator_generation_time,dynamic,217,0.0030999653972685337
separator_generation_time,dynamic,218,0.00300002284348011
separator_generation_time,dynamic,219,0.0029999646358191967
separator_generation_time,dynamic,220,0.002900022082030773
separator_generation_time,dynamic,221,0.003100023604929447
separator_generation_time,dynamic,222,0.002900022082030773
separator_generation_time,dynamic,223,0.003100023604929447
separator_generation_time,dynamic,224,0.0029999646358191967
separator_generation_time,dynamic,225,0.00300002284348011
separator_generation_time,dynamic,226,0.0029999646358191967
separator_generation_time,dynamic,227,0.00300002284348011
separator_generation_time,dynamic,228,0.00300002284348011
separator_generation_time,dynamic,229,0.002900022082030773
separator_generation_time,dynamic,230,0.00300002284348011
separator_generation_time,dynamic,231,0.004599976819008589
separator_generation_time,dynamic,232,0.003100023604929447
separator_generation_time,dynamic,233,0.0029999646358191967
separator_generation_time,dynamic,234,0.00300002284348011
separator_generation_time,dynamic,235,0.004099973011761904
separator_generation_time,dynamic,236,0.00300002284348011
separator_generation_time,dynamic,237,0.0031999661587178707
separator_generation_time,dynamic,238,0.00300002284348011
separator_generation_time,dynamic,239,0.0030999653972685337
separator_generation_time,dynamic,240,0.002900022082030773
separator_generation_time,dynamic,241,0.0030999653972685337
separator_generation_time,dynamic,242,0.002900022082030773
separator_generation_time,dynamic,243,0.003100023604929447
separator_generation_time,dynamic,244,0.0029999646358191967
separator_generation_time,dynamic,245,0.004400033503770828
separator_generation_time,dynamic,246,0.003100023604929447
separator_generation_time,dynamic,247,0.003200024366378784
separator_generation_time,dynamic,248,0.0031999661587178707
separator_generation_time,dynamic,249,0.003100023604929447
separator_generation_time,dynamic,250,0.0029999646358191967
separator_generation_time,dynamic,251,0.00300002284348011
separator_generation_time,dynamic,252,0.0029999646358191967
separator_generation_time,dynamic,253,0.00300002284348011
separator_generation_time,dynamic,254,0.002900022082030773
separator_generation_time,dynamic,255,0.0033999676816165447
separator_generation_time,dynamic,256,0.00300002284348011
separator_generation_time,dynamic,257,0.0030999653972685337
separator_generation_time,dynamic,258,0.003100023604929447
separator_generation_time,dynamic,259,0.004799978341907263
separator_generation_time,dynamic,260,0.003300025127828121
separator_generation_time,dynamic,261,0.0030999653972685337
separator_generation_time,dynamic,262,0.00300002284348011
separator_generation_time,dynamic,263,0.0030999653972685337
separator_generation_time,dynamic,264,0.003200024366378784
separator_generation_time,dynamic,265,0.0029999646358191967
separator_generation_time,dynamic,266,0.00300002284348011
separator_generation_time,dynamic,267,0.003100023604929447
separator_generation_time,dynamic,268,0.00300002284348011
separator_generation_time,dynamic,269,0.002900022082030773
separator_generation_time,dynamic,270,0.0030999653972685337
separator_generation_time,dynamic,271,0.003200024366378784
separator_generation_time,dynamic,272,0.0029999646358191967
separator_generation_time,dynamic,273,0.003100023604929447
separator_generation_time,dynamic,274,0.0028999638743698597
separator_generation_time,dynamic,275,0.003100023604929447
separator_generation_time,dynamic,276,0.0029999646358191967
separator_generation_time,dynamic,277,0.00300002284348011
separator_generation_time,dynamic,278,0.003100023604929447
separator_generation_time,dynamic,279,0.0032999669201672077
separator_generation_time,dynamic,280,0.00300002284348011
separator_generation_time,dynamic,281,0.0030999653972685337
separator_generation_time,dynamic,282,0.003100023604929447
separator_generation_time,dynamic,283,0.0030999653972685337
separator_generation_time,dynamic,284,0.00300002284348011
separator_generation_time,dynamic,285,0.00300002284348011
separator_generation_time,dynamic,286,0.003100023604929447
separator_generation_time,dynamic,287,0.003300025127828121
separator_generation_time,dynamic,288,0.0029999646358191967
separator_generation_time,dynamic,289,0.002900022082030773
separator_generation_time,dynamic,290,0.0029999646358191967
separator_generation_time,dynamic,291,0.002900022082030773
separator_generation_time,dynamic,292,0.0029999646358191967
separator_generation_time,dynamic,293,0.00300002284348011
separator_generation_time,dynamic,294,0.00300002284348011
separator_generation_time,dynamic,295,0.0031999661587178707
separator_generation_time,dynamic,296,0.00300002284348011
separator_generation_time,dynamic,297,0.0030999653972685337
separator_generation_time,dynamic,298,0.002900022082030773
separator_generation_time,dynamic,299,0.0030999653972685337
separator_generation_time,dynamic,300,0.00300002284348011
separator_generation_time,dynamic,301,0.00300002284348011
separator_generation_time,dynamic,302,0.003100023604929447
separator_generation_time,dynamic,303,0.003200024366378784
separator_generation_time,dynamic,304,0.0030999653972685337
separator_generation_time,dynamic,305,0.003100023604929447
separator_generation_time,dynamic,306,0.0030999653972685337
separator_generation_time,dynamic,307,0.003200024366378784
separator_generation_time,dynamic,308,0.0030999653972685337
separator_generation_time,dynamic,309,0.004100031219422817
separator_generation_time,dynamic,310,0.0031999661587178707
separator_generation_time,dynamic,311,0.003400025889277458
separator_generation_time,dynamic,312,0.0029999646358191967
separator_generation_time,dynamic,313,0.00300002284348011
separator_generation_time,dynamic,314,0.0031999661587178707
separator_generation_time,dynamic,315,0.003100023604929447
separator_generation_time,dynamic,316,0.00300002284348011
separator_generation_time,dynamic,317,0.0029999646358191967
separator_generation_time,dynamic,318,0.003100023604929447
separator_generation_time,dynamic,319,0.0030999653972685337
separator_generation_time,dynamic,320,0.00300002284348011
separator_generation_time,dynamic,321,0.0029999646358191967
separator_generation_time,dynamic,322,0.003100023604929447
separator_generation_time,dynamic,323,0.0029999646358191967
separator_generation_time,dynamic,324,0.00300002284348011
separator_generation_time,dynamic,325,0.003100023604929447
separator_generation_time,dynamic,326,0.0031999661587178707
separator_generation_time,dynamic,327,0.003200024366378784
separator_generation_time,dynamic,328,0.0029999646358191967
separator_generation_time,dynamic,329,0.00300002284348011
separator_generation_time,dynamic,330,0.0029999646358191967
separator_generation_time,dynamic,331,0.003100023604929447
separator_generation_time,dynamic,332,0.002900022082030773
separator_generation_time,dynamic,333,0.0030999653972685337
separator_generation_time,dynamic,334,0.003100023604929447
separator_generation_time,dynamic,335,0.0032999669201672077
separator_generation_time,dynamic,336,0.00300002284348011
separator_generation_time,dynamic,337,0.0030999653972685337
separator_generation_time,dynamic,338,0.003100023604929447
separator_generation_time,dynamic,339,0.0029999646358191967
separator_generation_time,dynamic,340,0.003400025889277458
separator_generation_time,dynamic,341,0.0029999646358191967
separator_generation_time,dynamic,342,0.00300002284348011
separator_generation_time,dynamic,343,0.003300025127828121
separator_generation_time,dynamic,344,0.0029999646358191967
separator_generation_time,dynamic,345,0.00300002284348011
separator_generation_time,dynamic,346,0.0029999646358191967
separator_generation_time,dynamic,347,0.002900022082030773
separator_generation_time,dynamic,348,0.0030999653972685337
separator_generation_time,dynamic,349,0.003800028935074806
separator_generation_time,dynamic,350,0.005199981387704611
separator_generation_time,dynamic,351,0.005399982910603285
separator_generation_time,dynamic,352,0.005199981387704611
separator_generation_time,dynamic,353,0.004700035788118839
separator_generation_time,dynamic,354,0.004400033503770828
separator_generation_time,dynamic,355,0.004499976057559252
separator_generation_time,dynamic,356,0.004500034265220165
separator_generation_time,dynamic,357,0.004699977580457926
separator_generation_time,dynamic,358,0.005399982910603285
separator_generation_time,dynamic,359,0.003700028173625469
separator_generation_time,dynamic,360,0.0030999653972685337
separator_generation_time,dynamic,361,0.003100023604929447
separator_generation_time,dynamic,362,0.0030999653972685337
separator_generation_time,dynamic,363,0.00300002284348011
separator_generation_time,dynamic,364,0.0029999646358191967
separator_generation_time,dynamic,365,0.002900022082030773
separator_generation_time,dynamic,366,0.00300002284348011
separator_generation_time,dynamic,367,0.0031999661587178707
separator_generation_time,dynamic,368,0.003200024366378784
separator_generation_time,dynamic,369,0.0031999661587178707
separator_generation_time,dynamic,370,0.003100023604929447
separator_generation_time,dynamic,371,0.0028999638743698597
separator_generation_time,dynamic,372,0.00300002284348011
separator_generation_time,dynamic,373,0.0029999646358191967
separator_generation_time,dynamic,374,0.003100023604929447
separator_generation_time,dynamic,375,0.003200024366378784
separator_generation_time,dynamic,376,0.0031999661587178707
separator_generation_time,dynamic,377,0.002900022082030773
separator_generation_time,dynamic,378,0.0033999676816165447
separator_generation_time,dynamic,379,0.00300002284348011
separator_generation_time,dynamic,380,0.0032999669201672077
separator_generation_time,dynamic,381,0.00300002284348011
separator_generation_time,dynamic,382,0.0030999653972685337
separator_generation_time,dynamic,383,0.003500026650726795
separator_generation_time,dynamic,384,0.0032999669201672077
separator_generation_time,dynamic,385,0.003100023604929447
separator_generation_time,dynamic,386,0.003100023604929447
separator_generation_time,dynamic,387,0.005199981387704611
separator_generation_time,dynamic,388,0.0029999646358191967
separator_generation_time,dynamic,389,0.003200024366378784
separator_generation_time,dynamic,390,0.0029999646358191967
separator_generation_time,dynamic,391,0.003300025127828121
separator_generation_time,dynamic,392,0.00300002284348011
separator_generation_time,dynamic,393,0.0030999653972685337
separator_generation_time,dynamic,394,0.003100023604929447
separator_generation_time,dynamic,395,0.0030999653972685337
separator_generation_time,dynamic,396,0.002900022082030773
separator_generation_time,dynamic,397,0.0030999653972685337
separator_generation_time,dynamic,398,0.00300002284348011
separator_generation_time,dynamic,399,0.0032999669201672077
separator_generation_time,dynamic,400,0.003300025127828121
separator_generation_time,dynamic,401,0.003100023604929447
separator_generation_time,dynamic,402,0.003200024366378784
separator_generation_time,dynamic,403,0.00300002284348011
separator_generation_time,dynamic,404,0.0030999653972685337
separator_generation_time,dynamic,405,0.003100023604929447
separator_generation_time,dynamic,406,0.0029999646358191967
separator_generation_time,dynamic,407,0.003200024366378784
separator_generation_time,dynamic,408,0.0030999653972685337
separator_generation_time,dynamic,409,0.003100023604929447
separator_generation_time,dynamic,410,0.0030999653972685337
separator_generation_time,dynamic,411,0.002900022082030773
separator_generation_time,dynamic,412,0.00300002284348011
separator_generation_time,dynamic,413,0.0031999661587178707
separator_generation_time,dynamic,414,0.003100023604929447
separator_generation_time,dynamic,415,0.0032999669201672077
separator_generation_time,dynamic,416,0.00300002284348011
separator_generation_time,dynamic,417,0.0030999653972685337
separator_generation_time,dynamic,418,0.003200024366378784
separator_generation_time,dynamic,419,0.0030999653972685337
separator_generation_time,dynamic,420,0.00300002284348011
separator_generation_time,dynamic,421,0.00300002284348011
separator_generation_time,dynamic,422,0.0030999653972685337
separator_generation_time,dynamic,423,0.003400025889277458
separator_generation_time,dynamic,424,0.0030999653972685337
separator_generation_time,dynamic,425,0.00300002284348011
separator_generation_time,dynamic,426,0.0028999638743698597
separator_generation_time,dynamic,427,0.00300002284348011
separator_generation_time,dynamic,428,0.0033999676816165447
separator_generation_time,dynamic,429,0.00300002284348011
separator_generation_time,dynamic,430,0.0030999653972685337
separator_generation_time,dynamic,431,0.007599999662488699
separator_generation_time,dynamic,432,0.003200024366378784
separator_generation_time,dynamic,433,0.0029999646358191967
separator_generation_time,dynamic,434,0.003300025127828121
separator_generation_time,dynamic,435,0.0029999646358191967
separator_generation_time,dynamic,436,0.003100023604929447
separator_generation_time,dynamic,437,0.002900022082030773
separator_generation_time,dynamic,438,0.003100023604929447
separator_generation_time,dynamic,439,0.003100023604929447
separator_generation_time,dynamic,440,0.0029999646358191967
separator_generation_time,dynamic,441,0.00300002284348011
separator_generation_time,dynamic,442,0.0030999653972685337
separator_generation_time,dynamic,443,0.00300002284348011
separator_generation_time,dynamic,444,0.0030999653972685337
separator_generation_time,dynamic,445,0.00300002284348011
separator_generation_time,dynamic,446,0.00300002284348011
separator_generation_time,dynamic,447,0.0031999661587178707
separator_generation_time,dynamic,448,0.003100023604929447
separator_generation_time,dynamic,449,0.0029999646358191967
separator_generation_time,dynamic,450,0.00300002284348011
separator_generation_time,dynamic,451,0.0029999646358191967
separator_generation_time,dynamic,452,0.00300002284348011
separator_generation_time,dynamic,453,0.00300002284348011
separator_generation_time,dynamic,454,0.00300002284348011
separator_generation_time,dynamic,455,0.003200024366378784
separator_generation_time,dynamic,456,0.0030999653972685337
separator_generation_time,dynamic,457,0.002900022082030773
separator_generation_time,dynamic,458,0.0029999646358191967
separator_generation_time,dynamic,459,0.003100023604929447
separator_generation_time,dynamic,460,0.0030999653972685337
separator_generation_time,dynamic,461,0.00300002284348011
separator_generation_time,dynamic,462,0.0030999653972685337
separator_generation_time,dynamic,463,0.003200024366378784
separator_generation_time,dynamic,464,0.003200024366378784
separator_generation_time,dynamic,465,0.00300002284348011
separator_generation_time,dynamic,466,0.003100023604929447
separator_generation_time,dynamic,467,0.0029999646358191967
separator_generation_time,dynamic,468,0.003200024366378784
separator_generation_time,dynamic,469,0.0029999646358191967
separator_generation_time,dynamic,470,0.002900022082030773
separator_generation_time,dynamic,471,0.0031999661587178707
separator_generation_time,dynamic,472,0.00300002284348011
separator_generation_time,dynamic,473,0.003100023604929447
separator_generation_time,dynamic,474,0.0030999653972685337
separator_generation_time,dynamic,475,0.003100023604929447
separator_generation_time,dynamic,476,0.0031999661587178707
separator_generation_time,dynamic,477,0.00300002284348011
separator_generation_time,dynamic,478,0.0030999653972685337
separator_generation_time,dynamic,479,0.003200024366378784
separator_generation_time,dynamic,480,0.0030999653972685337
separator_generation_time,dynamic,481,0.002900022082030773
separator_generation_time,dynamic,482,0.00300002284348011
separator_generation_time,dynamic,483,0.0028999638743698597
separator_generation_time,dynamic,484,0.00300002284348011
separator_generation_time,dynamic,485,0.0029999646358191967
separator_generation_time,dynamic,486,0.003100023604929447
separator_generation_time,dynamic,487,0.0031999661587178707
separator_generation_time,dynamic,488,0.002900022082030773
separator_generation_time,dynamic,489,0.003100023604929447
separator_generation_time,dynamic,490,0.003100023604929447
separator_generation_time,dynamic,491,0.00300002284348011
separator_generation_time,dynamic,492,0.0029999646358191967
separator_generation_time,dynamic,493,0.002900022082030773
separator_generation_time,dynamic,494,0.0030999653972685337
separator_generation_time,dynamic,495,0.003300025127828121
separator_generation_time,dynamic,496,0.0030999653972685337
separator_generation_time,dynamic,497,0.00300002284348011
separator_generation_time,dynamic,498,0.003100023604929447
separator_generation_time,dynamic,499,0.0028999638743698597
separator_generation_time,dynamic,500,0.00300002284348011
separator_generation_time,dynamic,501,0.0029999646358191967
separator_generation_time,dynamic,502,0.004700035788118839
separator_generation_time,dynamic,503,0.00589998671784997
separator_generation_time,dynamic,504,0.005199981387704611
separator_generation_time,dynamic,505,0.004399975296109915
separator_generation_time,dynamic,506,0.003200024366378784
separator_generation_time,dynamic,507,0.0030999653972685337
separator_generation_time,dynamic,508,0.003200024366378784
separator_generation_time,dynamic,509,0.003200024366378784
separator_generation_time,dynamic,510,0.0031999661587178707
separator_generation_time,dynamic,511,0.003300025127828121
separator_generation_time,dynamic,512,0.0029999646358191967
separator_generation_time,dynamic,513,0.003200024366378784
separator_generation_time,dynamic,514,0.006099988240748644
separator_generation_time,dynamic,515,0.007700000423938036
separator_generation_time,dynamic,516,0.0030999653972685337
separator_generation_time,dynamic,517,0.003100023604929447
separator_generation_time,dynamic,518,0.0029999646358191967
separator_generation_time,dynamic,519,0.003200024366378784
separator_generation_time,dynamic,520,0.00300002284348011
separator_generation_time,dynamic,521,0.0028999638743698597
separator_generation_time,dynamic,522,0.00300002284348011
separator_generation_time,dynamic,523,0.0030999653972685337
separator_generation_time,dynamic,524,0.003100023604929447
separator_generation_time,dynamic,525,0.0031999661587178707
separator_generation_time,dynamic,526,0.00300002284348011
separator_generation_time,dynamic,527,0.0031999661587178707
separator_generation_time,dynamic,528,0.003200024366378784
separator_generation_time,dynamic,529,0.0028999638743698597
separator_generation_time,dynamic,530,0.00300002284348011
separator_generation_time,dynamic,531,0.00300002284348011
separator_generation_time,dynamic,532,0.0030999653972685337
separator_generation_time,dynamic,533,0.003100023604929447
separator_generation_time,dynamic,534,0.0030999653972685337
separator_generation_time,dynamic,535,0.003200024366378784
separator_generation_time,dynamic,536,0.0029999646358191967
separator_generation_time,dynamic,537,0.002900022082030773
separator_generation_time,dynamic,538,0.0029999646358191967
separator_generation_time,dynamic,539,0.00300002284348011
separator_generation_time,dynamic,540,0.002900022082030773
separator_generation_time,dynamic,541,0.0028999638743698597
separator_generation_time,dynamic,542,0.003200024366378784
separator_generation_time,dynamic,543,0.0031999661587178707
separator_generation_time,dynamic,544,0.00300002284348011
separator_generation_time,dynamic,545,0.0030999653972685337
separator_generation_time,dynamic,546,0.003100023604929447
separator_generation_time,dynamic,547,0.002900022082030773
separator_generation_time,dynamic,548,0.00300002284348011
separator_generation_time,dynamic,549,0.00300002284348011
separator_generation_time,dynamic,550,0.0029999646358191967
separator_generation_time,dynamic,551,0.003200024366378784
separator_generation_time,dynamic,552,0.0029999646358191967
separator_generation_time,dynamic,553,0.00300002284348011
separator_generation_time,dynamic,554,0.0029999646358191967
separator_generation_time,dynamic,555,0.00300002284348011
separator_generation_time,dynamic,556,0.00300002284348011
separator_generation_time,dynamic,557,0.0031999661587178707
separator_generation_time,dynamic,558,0.002900022082030773
separator_generation_time,dynamic,559,0.0031999661587178707
separator_generation_time,dynamic,560,0.003200024366378784
separator_generation_time,dynamic,561,0.0030999653972685337
separator_generation_time,dynamic,562,0.003100023604929447
separator_generation_time,dynamic,563,0.0029999646358191967
separator_generation_time,dynamic,564,0.002900022082030773
separator_generation_time,dynamic,565,0.00300002284348011
separator_generation_time,dynamic,566,0.0028999638743698597
separator_generation_time,dynamic,567,0.003200024366378784
separator_generation_time,dynamic,568,0.0029999646358191967
separator_generation_time,dynamic,569,0.00300002284348011
separator_generation_time,dynamic,570,0.0029999646358191967
separator_generation_time,dynamic,571,0.002900022082030773
separator_generation_time,dynamic,572,0.00300002284348011
separator_generation_time,dynamic,573,0.0028999638743698597
separator_generation_time,dynamic,574,0.00300002284348011
separator_generation_time,dynamic,575,0.0033999676816165447
separator_generation_time,dynamic,576,0.00300002284348011
separator_generation_time,dynamic,577,0.0030999653972685337
separator_generation_time,dynamic,578,0.003100023604929447
separator_generation_time,dynamic,579,0.00300002284348011
separator_generation_time,dynamic,580,0.00300002284348011
separator_generation_time,dynamic,581,0.003100023604929447
separator_generation_time,dynamic,582,0.0030999653972685337
separator_generation_time,dynamic,583,0.003700028173625469
separator_generation_time,dynamic,584,0.0031999661587178707
separator_generation_time,dynamic,585,0.00300002284348011
separator_generation_time,dynamic,586,0.0031999661587178707
separator_generation_time,dynamic,587,0.002900022082030773
separator_generation_time,dynamic,588,0.0029999646358191967
separator_generation_time,dynamic,589,0.003100023604929447
separator_generation_time,dynamic,590,0.00300002284348011
separator_generation_time,dynamic,591,0.0030999653972685337
separator_generation_time,dynamic,592,0.00300002284348011
separator_generation_time,dynamic,593,0.0029999646358191967
separator_generation_time,dynamic,594,0.00300002284348011
separator_generation_time,dynamic,595,0.0030999653972685337
separator_generation_time,dynamic,596,0.003100023604929447
separator_generation_time,dynamic,597,0.0029999646358191967
separator_generation_time,dynamic,598,0.00300002284348011
separator_generation_time,dynamic,599,0.0031999661587178707
separator_generation_time,dynamic,600,0.00300002284348011
separator_generation_time,dynamic,601,0.00300002284348011
separator_generation_time,dynamic,602,0.0030999653972685337
separator_generation_time,dynamic,603,0.003200024366378784
separator_generation_time,dynamic,604,0.0029999646358191967
separator_generation_time,dynamic,605,0.00300002284348011
separator_generation_time,dynamic,606,0.0028999638743698597
separator_generation_time,dynamic,607,0.003200024366378784
separator_generation_time,dynamic,608,0.0028999638743698597
separator_generation_time,dynamic,609,0.00300002284348011
separator_generation_time,dynamic,610,0.003100023604929447
separator_generation_time,dynamic,611,0.0029999646358191967
separator_generation_time,dynamic,612,0.00300002284348011
separator_generation_time,dynamic,613,0.0030999653972685337
separator_generation_time,dynamic,614,0.00300002284348011
separator_generation_time,dynamic,615,0.0030999653972685337
separator_generation_time,dynamic,616,0.00300002284348011
separator_generation_time,dynamic,617,0.00300002284348011
separator_generation_time,dynamic,618,0.0029999646358191967
separator_generation_time,dynamic,619,0.00300002284348011
separator_generation_time,dynamic,620,0.0029999646358191967
separator_generation_time,dynamic,621,0.003100023604929447
separator_generation_time,dynamic,622,0.0029999646358191967
separator_generation_time,dynamic,623,0.003100023604929447
separator_generation_time,dynamic,624,0.00300002284348011
separator_generation_time,dynamic,625,0.002900022082030773
separator_generation_time,dynamic,626,0.003100023604929447
separator_generation_time,dynamic,627,0.0029999646358191967
separator_generation_time,dynamic,628,0.002900022082030773
separator_generation_time,dynamic,629,0.0029999646358191967
separator_generation_time,dynamic,630,0.002900022082030773
separator_generation_time,dynamic,631,0.0030999653972685337
separator_generation_time,dynamic,632,0.00300002284348011
separator_generation_time,dynamic,633,0.003100023604929447
separator_generation_time,dynamic,634,0.0029999646358191967
separator_generation_time,dynamic,635,0.003200024366378784
separator_generation_time,dynamic,636,0.0029999646358191967
separator_generation_time,dynamic,637,0.002900022082030773
separator_generation_time,dynamic,638,0.0029999646358191967
separator_generation_time,dynamic,639,0.003200024366378784
separator_generation_time,dynamic,640,0.00300002284348011
separator_generation_time,dynamic,641,0.005099980626255274
separator_generation_time,dynamic,642,0.0030999653972685337
separator_generation_time,dynamic,643,0.004600035026669502
separator_generation_time,dynamic,644,0.0030999653972685337
separator_generation_time,dynamic,645,0.003100023604929447
separator_generation_time,dynamic,646,0.0028999638743698597
separator_generation_time,dynamic,647,0.003200024366378784
separator_generation_time,dynamic,648,0.00300002284348011
separator_generation_time,dynamic,649,0.0030999653972685337
separator_generation_time,dynamic,650,0.00300002284348011
separator_generation_time,dynamic,651,0.0029999646358191967
separator_generation_time,dynamic,652,0.003100023604929447
separator_generation_time,dynamic,653,0.0029999646358191967
separator_generation_time,dynamic,654,0.00300002284348011
separator_generation_time,dynamic,655,0.0032999669201672077
separator_generation_time,dynamic,656,0.00300002284348011
separator_generation_time,dynamic,657,0.00300002284348011
separator_generation_time,dynamic,658,0.0030999653972685337
separator_generation_time,dynamic,659,0.00300002284348011
separator_generation_time,dynamic,660,0.0029999646358191967
separator_generation_time,dynamic,661,0.004700035788118839
separator_generation_time,dynamic,662,0.005199981387704611
separator_generation_time,dynamic,663,0.005299982149153948
separator_generation_time,dynamic,664,0.004499976057559252
separator_generation_time,dynamic,665,0.004400033503770828
separator_generation_time,dynamic,666,0.004399975296109915
separator_generation_time,dynamic,667,0.004400033503770828
separator_generation_time,dynamic,668,0.005199981387704611
separator_generation_time,dynamic,669,0.004399975296109915
separator_generation_time,dynamic,670,0.00300002284348011
separator_generation_time,dynamic,671,0.0030999653972685337
separator_generation_time,dynamic,672,0.00300002284348011
separator_generation_time,dynamic,673,0.0029999646358191967
separator_generation_time,dynamic,674,0.00300002284348011
separator_generation_time,dynamic,675,0.0029999646358191967
separator_generation_time,dynamic,676,0.002900022082030773
separator_generation_time,dynamic,677,0.00300002284348011
separator_generation_time,dynamic,678,0.0031999661587178707
separator_generation_time,dynamic,679,0.003300025127828121
separator_generation_time,dynamic,680,0.0029999646358191967
separator_generation_time,dynamic,681,0.003100023604929447
separator_generation_time,dynamic,682,0.0028999638743698597
separator_generation_time,dynamic,683,0.00300002284348011
separator_generation_time,dynamic,684,0.003100023604929447
separator_generation_time,dynamic,685,0.00300002284348011
separator_generation_time,dynamic,686,0.00300002284348011
separator_generation_time,dynamic,687,0.0031999661587178707
separator_generation_time,dynamic,688,0.00300002284348011
separator_generation_time,dynamic,689,0.0029999646358191967
separator_generation_time,dynamic,690,0.00300002284348011
separator_generation_time,dynamic,691,0.0028999638743698597
separator_generation_time,dynamic,692,0.00300002284348011
separator_generation_time,dynamic,693,0.00300002284348011
separator_generation_time,dynamic,694,0.0029999646358191967
separator_generation_time,dynamic,695,0.003200024366378784
separator_generation_time,dynamic,696,0.0029999646358191967
separator_generation_time,dynamic,697,0.003100023604929447
separator_generation_time,dynamic,698,0.0028999638743698597
separator_generation_time,dynamic,699,0.00300002284348011
separator_generation_time,dynamic,700,0.00300002284348011
separator_generation_time,dynamic,701,0.0030999653972685337
separator_generation_time,dynamic,702,0.003100023604929447
separator_generation_time,dynamic,703,0.0030999653972685337
separator_generation_time,dynamic,704,0.003100023604929447
separator_generation_time,dynamic,705,0.0029999646358191967
separator_generation_time,dynamic,706,0.003100023604929447
separator_generation_time,dynamic,707,0.0030999653972685337
separator_generation_time,dynamic,708,0.003100023604929447
separator_generation_time,dynamic,709,0.00300002284348011
separator_generation_time,dynamic,710,0.0029999646358191967
separator_generation_time,dynamic,711,0.003100023604929447
separator_generation_time,dynamic,712,0.0030999653972685337
separator_generation_time,dynamic,713,0.00300002284348011
separator_generation_time,dynamic,714,0.0029999646358191967
separator_generation_time,dynamic,715,0.00300002284348011
separator_generation_time,dynamic,716,0.00300002284348011
separator_generation_time,dynamic,717,0.0028999638743698597
separator_generation_time,dynamic,718,0.003100023604929447
separator_generation_time,dynamic,719,0.0031999661587178707
separator_generation_time,dynamic,720,0.00300002284348011
separator_generation_time,dynamic,721,0.0029999646358191967
separator_generation_time,dynamic,722,0.002900022082030773
separator_generation_time,dynamic,723,0.00300002284348011
separator_generation_time,dynamic,724,0.003100023604929447
separator_generation_time,dynamic,725,0.002900022082030773
separator_generation_time,dynamic,726,0.0029999646358191967
separator_generation_time,dynamic,727,0.003300025127828121
separator_generation_time,dynamic,728,0.0030999653972685337
separator_generation_time,dynamic,729,0.003600027412176132
separator_generation_time,dynamic,730,0.0031999661587178707
separator_generation_time,dynamic,731,0.00300002284348011
separator_generation_time,dynamic,732,0.002900022082030773
separator_generation_time,dynamic,733,0.00300002284348011
separator_generation_time,dynamic,734,0.002900022082030773
separator_generation_time,dynamic,735,0.0030999653972685337
separator_generation_time,dynamic,736,0.003100023604929447
separator_generation_time,dynamic,737,0.0031999661587178707
separator_generation_time,dynamic,738,0.00300002284348011
separator_generation_time,dynamic,739,0.0029999646358191967
separator_generation_time,dynamic,740,0.00300002284348011
separator_generation_time,dynamic,741,0.003100023604929447
separator_generation_time,dynamic,742,0.0029999646358191967
separator_generation_time,dynamic,743,0.003100023604929447
separator_generation_time,dynamic,744,0.0028999638743698597
separator_generation_time,dynamic,745,0.002900022082030773
separator_generation_time,dynamic,746,0.0029999646358191967
separator_generation_time,dynamic,747,0.00300002284348011
separator_generation_time,dynamic,748,0.002900022082030773
separator_generation_time,dynamic,749,0.0028999638743698597
separator_generation_time,dynamic,750,0.00300002284348011
separator_generation_time,dynamic,751,0.0033999676816165447
separator_generation_time,dynamic,752,0.003100023604929447
separator_generation_time,dynamic,753,0.0030999653972685337
separator_generation_time,dynamic,754,0.00300002284348011
separator_generation_time,dynamic,755,0.0029999646358191967
separator_generation_time,dynamic,756,0.00300002284348011
separator_generation_time,dynamic,757,0.00300002284348011
separator_generation_time,dynamic,758,0.0030999653972685337
separator_generation_time,dynamic,759,0.003200024366378784
separator_generation_time,dynamic,760,0.0029999646358191967
separator_generation_time,dynamic,761,0.00300002284348011
separator_generation_time,dynamic,762,0.0029999646358191967
separator_generation_time,dynamic,763,0.00300002284348011
separator_generation_time,dynamic,764,0.0029999646358191967
separator_generation_time,dynamic,765,0.00300002284348011
separator_generation_time,dynamic,766,0.00300002284348011
separator_generation_time,dynamic,767,0.0030999653972685337
separator_generation_time,dynamic,768,0.00300002284348011
separator_generation_time,dynamic,769,0.004699977580457926
separator_generation_time,dynamic,770,0.002900022082030773
separator_generation_time,dynamic,771,0.0029999646358191967
separator_generation_time,dynamic,772,0.002900022082030773
separator_generation_time,dynamic,773,0.0029999646358191967
separator_generation_time,dynamic,774,0.00300002284348011
separator_generation_time,dynamic,775,0.0030999653972685337
separator_generation_time,dynamic,776,0.002900022082030773
separator_generation_time,dynamic,777,0.002900022082030773
separator_generation_time,dynamic,778,0.0029999646358191967
separator_generation_time,dynamic,779,0.00300002284348011
separator_generation_time,dynamic,780,0.0029999646358191967
separator_generation_time,dynamic,781,0.003100023604929447
separator_generation_time,dynamic,782,0.0029999646358191967
separator_generation_time,dynamic,783,0.003100023604929447
separator_generation_time,dynamic,784,0.00300002284348011
separator_generation_time,dynamic,785,0.0028999638743698597
separator_generation_time,dynamic,786,0.00300002284348011
separator_generation_time,dynamic,787,0.0030999653972685337
separator_generation_time,dynamic,788,0.00300002284348011
separator_generation_time,dynamic,789,0.0031999661587178707
separator_generation_time,dynamic,790,0.00300002284348011
separator_generation_time,dynamic,791,0.003200024366378784
separator_generation_time,dynamic,792,0.0029999646358191967
separator_generation_time,dynamic,793,0.00300002284348011
separator_generation_time,dynamic,794,0.0029999646358191967
separator_generation_time,dynamic,795,0.00300002284348011
separator_generation_time,dynamic,796,0.0029999646358191967
separator_generation_time,dynamic,797,0.003100023604929447
separator_generation_time,dynamic,798,0.00300002284348011
separator_generation_time,dynamic,799,0.003200024366378784
separator_generation_time,dynamic,800,0.00300002284348011
separator_generation_time,dynamic,801,0.0029999646358191967
separator_generation_time,dynamic,802,0.00300002284348011
separator_generation_time,dynamic,803,0.0029999646358191967
separator_generation_time,dynamic,804,0.003100023604929447
separator_generation_time,dynamic,805,0.0029999646358191967
separator_generation_time,dynamic,806,0.003100023604929447
separator_generation_time,dynamic,807,0.003300025127828121
separator_generation_time,dynamic,808,0.004699977580457926
separator_generation_time,dynamic,809,0.0030999653972685337
separator_generation_time,dynamic,810,0.00300002284348011
separator_generation_time,dynamic,811,0.00300002284348011
separator_generation_time,dynamic,812,0.0029999646358191967
separator_generation_time,dynamic,813,0.00300002284348011
separator_generation_time,dynamic,814,0.0030999653972685337
separator_generation_time,dynamic,815,0.003200024366378784
separator_generation_time,dynamic,816,0.0031999661587178707
separator_generation_time,dynamic,817,0.004800036549568176
separator_generation_time,dynamic,818,0.004999979864805937
separator_generation_time,dynamic,819,0.005099980626255274
separator_generation_time,dynamic,820,0.004699977580457926
separator_generation_time,dynamic,821,0.004500034265220165
separator_generation_time,dynamic,822,0.004399975296109915
separator_generation_time,dynamic,823,0.004600035026669502
separator_generation_time,dynamic,824,0.004900037311017513
separator_generation_time,dynamic,825,0.005299982149153948
separator_generation_time,dynamic,826,0.003100023604929447
separator_generation_time,dynamic,827,0.0029999646358191967
separator_generation_time,dynamic,828,0.00300002284348011
separator_generation_time,dynamic,829,0.0029999646358191967
separator_generation_time,dynamic,830,0.003100023604929447
separator_generation_time,dynamic,831,0.0032999669201672077
separator_generation_time,dynamic,832,0.00300002284348011
separator_generation_time,dynamic,833,0.003100023604929447
separator_generation_time,dynamic,834,0.003100023604929447
separator_generation_time,dynamic,835,0.00300002284348011
separator_generation_time,dynamic,836,0.0028999638743698597
separator_generation_time,dynamic,837,0.003100023604929447
separator_generation_time,dynamic,838,0.0029999646358191967
separator_generation_time,dynamic,839,0.003300025127828121
separator_generation_time,dynamic,840,0.0029999646358191967
separator_generation_time,dynamic,841,0.00300002284348011
separator_generation_time,dynamic,842,0.002900022082030773
separator_generation_time,dynamic,843,0.0031999661587178707
separator_generation_time,dynamic,844,0.002900022082030773
separator_generation_time,dynamic,845,0.0029999646358191967
separator_generation_time,dynamic,846,0.003100023604929447
separator_generation_time,dynamic,847,0.0030999653972685337
separator_generation_time,dynamic,848,0.00300002284348011
separator_generation_time,dynamic,849,0.0032999669201672077
separator_generation_time,dynamic,850,0.003100023604929447
separator_generation_time,dynamic,851,0.00300002284348011
separator_generation_time,dynamic,852,0.0031999661587178707
separator_generation_time,dynamic,853,0.003100023604929447
separator_generation_time,dynamic,854,0.0029999646358191967
separator_generation_time,dynamic,855,0.003300025127828121
separator_generation_time,dynamic,856,0.0028999638743698597
separator_generation_time,dynamic,857,0.003100023604929447
separator_generation_time,dynamic,858,0.00300002284348011
separator_generation_time,dynamic,859,0.00300002284348011
separator_generation_time,dynamic,860,0.002900022082030773
separator_generation_time,dynamic,861,0.0029999646358191967
separator_generation_time,dynamic,862,0.00300002284348011
separator_generation_time,dynamic,863,0.0031999661587178707
separator_generation_time,dynamic,864,0.00300002284348011
separator_generation_time,dynamic,865,0.0029999646358191967
separator_generation_time,dynamic,866,0.00300002284348011
separator_generation_time,dynamic,867,0.002900022082030773
separator_generation_time,dynamic,868,0.0030999653972685337
separator_generation_time,dynamic,869,0.00300002284348011
separator_generation_time,dynamic,870,0.0029999646358191967
separator_generation_time,dynamic,871,0.003100023604929447
separator_generation_time,dynamic,872,0.0029999646358191967
separator_generation_time,dynamic,873,0.00300002284348011
separator_generation_time,dynamic,874,0.0029999646358191967
separator_generation_time,dynamic,875,0.00300002284348011
separator_generation_time,dynamic,876,0.003500026650726795
separator_generation_time,dynamic,877,0.0029999646358191967
separator_generation_time,dynamic,878,0.00300002284348011
separator_generation_time,dynamic,879,0.0030999653972685337
separator_generation_time,dynamic,880,0.003100023604929447
separator_generation_time,dynamic,881,0.0029999646358191967
separator_generation_time,dynamic,882,0.00300002284348011
separator_generation_time,dynamic,883,0.0030999653972685337
separator_generation_time,dynamic,884,0.00300002284348011
separator_generation_time,dynamic,885,0.00300002284348011
separator_generation_time,dynamic,886,0.0029999646358191967
separator_generation_time,dynamic,887,0.003200024366378784
separator_generation_time,dynamic,888,0.0028999638743698597
separator_generation_time,dynamic,889,0.003200024366378784
separator_generation_time,dynamic,890,0.0029999646358191967
separator_generation_time,dynamic,891,0.003100023604929447
separator_generation_time,dynamic,892,0.00300002284348011
separator_generation_time,dynamic,893,0.0028999638743698597
separator_generation_time,dynamic,894,0.003100023604929447
separator_generation_time,dynamic,895,0.0031999661587178707
separator_generation_time,dynamic,896,0.002900022082030773
separator_generation_time,dynamic,897,0.0048999791033566
separator_generation_time,dynamic,898,0.003100023604929447
separator_generation_time,dynamic,899,0.0029999646358191967
separator_generation_time,dynamic,900,0.003100023604929447
separator_generation_time,dynamic,901,0.0029999646358191967
separator_generation_time,dynamic,902,0.00300002284348011
separator_generation_time,dynamic,903,0.003200024366378784
separator_generation_time,dynamic,904,0.002900022082030773
separator_generation_time,dynamic,905,0.002900022082030773
separator_generation_time,dynamic,906,0.0029999646358191967
separator_generation_time,dynamic,907,0.003200024366378784
separator_generation_time,dynamic,908,0.0029999646358191967
separator_generation_time,dynamic,909,0.00300002284348011
separator_generation_time,dynamic,910,0.0029999646358191967
separator_generation_time,dynamic,911,0.003200024366378784
separator_generation_time,dynamic,912,0.00300002284348011
separator_generation_time,dynamic,913,0.0029999646358191967
separator_generation_time,dynamic,914,0.00300002284348011
separator_generation_time,dynamic,915,0.0029999646358191967
separator_generation_time,dynamic,916,0.003200024366378784
separator_generation_time,dynamic,917,0.0030999653972685337
separator_generation_time,dynamic,918,0.00300002284348011
separator_generation_time,dynamic,919,0.003200024366378784
separator_generation_time,dynamic,920,0.002900022082030773
separator_generation_time,dynamic,921,0.00300002284348011
separator_generation_time,dynamic,922,0.0030999653972685337
separator_generation_time,dynamic,923,0.00300002284348011
separator_generation_time,dynamic,924,0.0029999646358191967
separator_generation_time,dynamic,925,0.003100023604929447
separator_generation_time,dynamic,926,0.0030999653972685337
separator_generation_time,dynamic,927,0.003200024366378784
separator_generation_time,dynamic,928,0.003100023604929447
separator_generation_time,dynamic,929,0.0029999646358191967
separator_generation_time,dynamic,930,0.003300025127828121
separator_generation_time,dynamic,931,0.0029999646358191967
separator_generation_time,dynamic,932,0.00300002284348011
separator_generation_time,dynamic,933,0.0029999646358191967
separator_generation_time,dynamic,934,0.00300002284348011
separator_generation_time,dynamic,935,0.003100023604929447
separator_generation_time,dynamic,936,0.002900022082030773
separator_generation_time,dynamic,937,0.00300002284348011
separator_generation_time,dynamic,938,0.0029999646358191967
separator_generation_time,dynamic,939,0.00300002284348011
separator_generation_time,dynamic,940,0.0029999646358191967
separator_generation_time,dynamic,941,0.00300002284348011
separator_generation_time,dynamic,942,0.0033999676816165447
separator_generation_time,dynamic,943,0.003400025889277458
separator_generation_time,dynamic,944,0.003100023604929447
separator_generation_time,dynamic,945,0.003100023604929447
separator_generation_time,dynamic,946,0.004999979864805937
separator_generation_time,dynamic,947,0.004900037311017513
separator_generation_time,dynamic,948,0.005599984433501959
separator_generation_time,dynamic,949,0.0030999653972685337
separator_generation_time,dynamic,950,0.003100023604929447
separator_generation_time,dynamic,951,0.0034999684430658817
separator_generation_time,dynamic,952,0.003200024366378784
separator_generation_time,dynamic,953,0.003100023604929447
separator_generation_time,dynamic,954,0.0029999646358191967
separator_generation_time,dynamic,955,0.003100023604929447
separator_generation_time,dynamic,956,0.0029999646358191967
separator_generation_time,dynamic,957,0.003100023604929447
separator_generation_time,dynamic,958,0.0029999646358191967
separator_generation_time,dynamic,959,0.003200024366378784
separator_generation_time,dynamic,960,0.0029999646358191967
separator_generation_time,dynamic,961,0.002900022082030773
separator_generation_time,dynamic,962,0.003100023604929447
separator_generation_time,dynamic,963,0.0028999638743698597
separator_generation_time,dynamic,964,0.00300002284348011
separator_generation_time,dynamic,965,0.0030999653972685337
separator_generation_time,dynamic,966,0.002900022082030773
separator_generation_time,dynamic,967,0.0030999653972685337
separator_generation_time,dynamic,968,0.002900022082030773
separator_generation_time,dynamic,969,0.003200024366378784
separator_generation_time,dynamic,970,0.004300032742321491
separator_generation_time,dynamic,971,0.005099980626255274
separator_generation_time,dynamic,972,0.005199981387704611
separator_generation_time,dynamic,973,0.004800036549568176
separator_generation_time,dynamic,974,0.004599976819008589
separator_generation_time,dynamic,975,0.004299974534660578
separator_generation_time,dynamic,976,0.00300002284348011
separator_generation_time,dynamic,977,0.005099980626255274
separator_generation_time,dynamic,978,0.004400033503770828
separator_generation_time,dynamic,979,0.0029999646358191967
separator_generation_time,dynamic,980,0.00300002284348011
separator_generation_time,dynamic,981,0.0031999661587178707
separator_generation_time,dynamic,982,0.00300002284348011
separator_generation_time,dynamic,983,0.0030999653972685337
separator_generation_time,dynamic,984,0.00300002284348011
separator_generation_time,dynamic,985,0.0029999646358191967
separator_generation_time,dynamic,986,0.003100023604929447
separator_generation_time,dynamic,987,0.003100023604929447
separator_generation_time,dynamic,988,0.0031999661587178707
separator_generation_time,dynamic,989,0.003100023604929447
separator_generation_time,dynamic,990,0.0031999661587178707
separator_generation_time,dynamic,991,0.003300025127828121
separator_generation_time,dynamic,992,0.0030999653972685337
separator_generation_time,dynamic,993,0.00300002284348011
separator_generation_time,dynamic,994,0.0029999646358191967
separator_generation_time,dynamic,995,0.002900022082030773
separator_generation_time,dynamic,996,0.00300002284348011
separator_generation_time,dynamic,997,0.0029999646358191967
separator_generation_time,dynamic,998,0.002900022082030773
separator_generation_time,dynamic,999,0.0030999653972685337
separator_generation_time,dynamic,1000,0.00300002284348011
prompt_assembly_time,dynamic,1,0.012899981811642647
prompt_assembly_time,dynamic,2,0.004700035788118839
prompt_assembly_time,dynamic,3,0.004100031219422817
prompt_assembly_time,dynamic,4,0.003999972250312567
prompt_assembly_time,dynamic,5,0.0039000296965241432
prompt_assembly_time,dynamic,6,0.004099973011761904
prompt_assembly_time,dynamic,7,0.004300032742321491
prompt_assembly_time,dynamic,8,0.0038999714888632298
prompt_assembly_time,dynamic,9,0.0039000296965241432
prompt_assembly_time,dynamic,10,0.0039000296965241432
prompt_assembly_time,dynamic,11,0.004199973773211241
prompt_assembly_time,dynamic,12,0.004200031980872154
prompt_assembly_time,dynamic,13,0.0038999714888632298
prompt_assembly_time,dynamic,14,0.004300032742321491
prompt_assembly_time,dynamic,15,0.004099973011761904
prompt_assembly_time,dynamic,16,0.003999972250312567
prompt_assembly_time,dynamic,17,0.0039000296965241432
prompt_assembly_time,dynamic,18,0.0038999714888632298
prompt_assembly_time,dynamic,19,0.0039000296965241432
prompt_assembly_time,dynamic,20,0.0038999714888632298
prompt_assembly_time,dynamic,21,0.004200031980872154
prompt_assembly_time,dynamic,22,0.004199973773211241
prompt_assembly_time,dynamic,23,0.004199973773211241
prompt_assembly_time,dynamic,24,0.0039000296965241432
prompt_assembly_time,dynamic,25,0.004199973773211241
prompt_assembly_time,dynamic,26,0.004100031219422817
prompt_assembly_time,dynamic,27,0.003999972250312567
prompt_assembly_time,dynamic,28,0.00589998671784997
prompt_assembly_time,dynamic,29,0.00400003045797348
prompt_assembly_time,dynamic,30,0.004199973773211241
prompt_assembly_time,dynamic,31,0.004100031219422817
prompt_assembly_time,dynamic,32,0.003999972250312567
prompt_assembly_time,dynamic,33,0.003999972250312567
prompt_assembly_time,dynamic,34,0.00400003045797348
prompt_assembly_time,dynamic,35,0.0038999714888632298
prompt_assembly_time,dynamic,36,0.00400003045797348
prompt_assembly_time,dynamic,37,0.003999972250312567
prompt_assembly_time,dynamic,38,0.00400003045797348
prompt_assembly_time,dynamic,39,0.004099973011761904
prompt_assembly_time,dynamic,40,0.00400003045797348
prompt_assembly_time,dynamic,41,0.003800028935074806
prompt_assembly_time,dynamic,42,0.0038999714888632298
prompt_assembly_time,dynamic,43,0.00400003045797348
prompt_assembly_time,dynamic,44,0.003999972250312567
prompt_assembly_time,dynamic,45,0.004100031219422817
prompt_assembly_time,dynamic,46,0.004199973773211241
prompt_assembly_time,dynamic,47,0.004100031219422817
prompt_assembly_time,dynamic,48,0.0039000296965241432
prompt_assembly_time,dynamic,49,0.003999972250312567
prompt_assembly_time,dynamic,50,0.00400003045797348
prompt_assembly_time,dynamic,51,0.003999972250312567
prompt_assembly_time,dynamic,52,0.0039000296965241432
prompt_assembly_time,dynamic,53,0.0038999714888632298
prompt_assembly_time,dynamic,54,0.0039000296965241432
prompt_assembly_time,dynamic,55,0.004199973773211241
prompt_assembly_time,dynamic,56,0.0038999714888632298
prompt_assembly_time,dynamic,57,0.0039000296965241432
prompt_assembly_time,dynamic,58,0.003999972250312567
prompt_assembly_time,dynamic,59,0.00400003045797348
prompt_assembly_time,dynamic,60,0.0037999707274138927
prompt_assembly_time,dynamic,61,0.004100031219422817
prompt_assembly_time,dynamic,62,0.0037999707274138927
prompt_assembly_time,dynamic,63,0.004200031980872154
prompt_assembly_time,dynamic,64,0.004199973773211241
prompt_assembly_time,dynamic,65,0.0038999714888632298
prompt_assembly_time,dynamic,66,0.0039000296965241432
prompt_assembly_time,dynamic,67,0.0037999707274138927
prompt_assembly_time,dynamic,68,0.00400003045797348
prompt_assembly_time,dynamic,69,0.0038999714888632298
prompt_assembly_time,dynamic,70,0.0039000296965241432
prompt_assembly_time,dynamic,71,0.004100031219422817
prompt_assembly_time,dynamic,72,0.003999972250312567
prompt_assembly_time,dynamic,73,0.0039000296965241432
prompt_assembly_time,dynamic,74,0.0038999714888632298
prompt_assembly_time,dynamic,75,0.003800028935074806
prompt_assembly_time,dynamic,76,0.003999972250312567
prompt_assembly_time,dynamic,77,0.0039000296965241432
prompt_assembly_time,dynamic,78,0.0039000296965241432
prompt_assembly_time,dynamic,79,0.004299974534660578
prompt_assembly_time,dynamic,80,0.004100031219422817
prompt_assembly_time,dynamic,81,0.003999972250312567
prompt_assembly_time,dynamic,82,0.00400003045797348
prompt_assembly_time,dynamic,83,0.0038999714888632298
prompt_assembly_time,dynamic,84,0.00400003045797348
prompt_assembly_time,dynamic,85,0.003800028935074806
prompt_assembly_time,dynamic,86,0.004099973011761904
prompt_assembly_time,dynamic,87,0.004100031219422817
prompt_assembly_time,dynamic,88,0.0038999714888632298
prompt_assembly_time,dynamic,89,0.004600035026669502
prompt_assembly_time,dynamic,90,0.006399990525096655
prompt_assembly_time,dynamic,91,0.006499991286545992
prompt_assembly_time,dynamic,92,0.00589998671784997
prompt_assembly_time,dynamic,93,0.005699985194951296
prompt_assembly_time,dynamic,94,0.005799985956400633
prompt_assembly_time,dynamic,95,0.006699992809444666
prompt_assembly_time,dynamic,96,0.005500041879713535
prompt_assembly_time,dynamic,97,0.004300032742321491
prompt_assembly_time,dynamic,98,0.004399975296109915
prompt_assembly_time,dynamic,99,0.004100031219422817
prompt_assembly_time,dynamic,100,0.0038999714888632298
prompt_assembly_time,dynamic,101,0.0039000296965241432
prompt_assembly_time,dynamic,102,0.0038999714888632298
prompt_assembly_time,dynamic,103,0.004099973011761904
prompt_assembly_time,dynamic,104,0.00400003045797348
prompt_assembly_time,dynamic,105,0.003999972250312567
prompt_assembly_time,dynamic,106,0.00400003045797348
prompt_assembly_time,dynamic,107,0.004099973011761904
prompt_assembly_time,dynamic,108,0.00400003045797348
prompt_assembly_time,dynamic,109,0.0038999714888632298
prompt_assembly_time,dynamic,110,0.003999972250312567
prompt_assembly_time,dynamic,111,0.004100031219422817
prompt_assembly_time,dynamic,112,0.0038999714888632298
prompt_assembly_time,dynamic,113,0.004200031980872154
prompt_assembly_time,dynamic,114,0.0038999714888632298
prompt_assembly_time,dynamic,115,0.0039000296965241432
prompt_assembly_time,dynamic,116,0.003999972250312567
prompt_assembly_time,dynamic,117,0.00400003045797348
prompt_assembly_time,dynamic,118,0.0039000296965241432
prompt_assembly_time,dynamic,119,0.004099973011761904
prompt_assembly_time,dynamic,120,0.006100046448409557
prompt_assembly_time,dynamic,121,0.0039000296965241432
prompt_assembly_time,dynamic,122,0.0038999714888632298
prompt_assembly_time,dynamic,123,0.0039000296965241432
prompt_assembly_time,dynamic,124,0.0038999714888632298
prompt_assembly_time,dynamic,125,0.0039000296965241432
prompt_assembly_time,dynamic,126,0.003999972250312567
prompt_assembly_time,dynamic,127,0.004200031980872154
prompt_assembly_time,dynamic,128,0.003999972250312567
prompt_assembly_time,dynamic,129,0.0038999714888632298
prompt_assembly_time,dynamic,130,0.00400003045797348
prompt_assembly_time,dynamic,131,0.0038999714888632298
prompt_assembly_time,dynamic,132,0.004100031219422817
prompt_assembly_time,dynamic,133,0.003999972250312567
prompt_assembly_time,dynamic,134,0.0039000296965241432
prompt_assembly_time,dynamic,135,0.004099973011761904
prompt_assembly_time,dynamic,136,0.0038999714888632298
prompt_assembly_time,dynamic,137,0.0039000296965241432
prompt_assembly_time,dynamic,138,0.004199973773211241
prompt_assembly_time,dynamic,139,0.0039000296965241432
prompt_assembly_time,dynamic,140,0.003999972250312567
prompt_assembly_time,dynamic,141,0.003800028935074806
prompt_assembly_time,dynamic,142,0.0038999714888632298
prompt_assembly_time,dynamic,143,0.004100031219422817
prompt_assembly_time,dynamic,144,0.0038999714888632298
prompt_assembly_time,dynamic,145,0.004099973011761904
prompt_assembly_time,dynamic,146,0.0039000296965241432
prompt_assembly_time,dynamic,147,0.0038999714888632298
prompt_assembly_time,dynamic,148,0.0039000296965241432
prompt_assembly_time,dynamic,149,0.0038999714888632298
prompt_assembly_time,dynamic,150,0.0039000296965241432
prompt_assembly_time,dynamic,151,0.004100031219422817
prompt_assembly_time,dynamic,152,0.00589998671784997
prompt_assembly_time,dynamic,153,0.0039000296965241432
prompt_assembly_time,dynamic,154,0.0039000296965241432
prompt_assembly_time,dynamic,155,0.003999972250312567
prompt_assembly_time,dynamic,156,0.0039000296965241432
prompt_assembly_time,dynamic,157,0.003999972250312567
prompt_assembly_time,dynamic,158,0.00400003045797348
prompt_assembly_time,dynamic,159,0.004099973011761904
prompt_assembly_time,dynamic,160,0.00400003045797348
prompt_assembly_time,dynamic,161,0.0038999714888632298
prompt_assembly_time,dynamic,162,0.0038999714888632298
prompt_assembly_time,dynamic,163,0.00400003045797348
prompt_assembly_time,dynamic,164,0.0038999714888632298
prompt_assembly_time,dynamic,165,0.00400003045797348
prompt_assembly_time,dynamic,166,0.004099973011761904
prompt_assembly_time,dynamic,167,0.004200031980872154
prompt_assembly_time,dynamic,168,0.0038999714888632298
prompt_assembly_time,dynamic,169,0.003800028935074806
prompt_assembly_time,dynamic,170,0.00400003045797348
prompt_assembly_time,dynamic,171,0.0038999714888632298
prompt_assembly_time,dynamic,172,0.004400033503770828
prompt_assembly_time,dynamic,173,0.0038999714888632298
prompt_assembly_time,dynamic,174,0.0039000296965241432
prompt_assembly_time,dynamic,175,0.004199973773211241
prompt_assembly_time,dynamic,176,0.0038999714888632298
prompt_assembly_time,dynamic,177,0.0039000296965241432
prompt_assembly_time,dynamic,178,0.003999972250312567
prompt_assembly_time,dynamic,179,0.00400003045797348
prompt_assembly_time,dynamic,180,0.004099973011761904
prompt_assembly_time,dynamic,181,0.0039000296965241432
prompt_assembly_time,dynamic,182,0.004199973773211241
prompt_assembly_time,dynamic,183,0.004099973011761904
prompt_assembly_time,dynamic,184,0.004100031219422817
prompt_assembly_time,dynamic,185,0.003999972250312567
prompt_assembly_time,dynamic,186,0.003800028935074806
prompt_assembly_time,dynamic,187,0.0038999714888632298
prompt_assembly_time,dynamic,188,0.0039000296965241432
prompt_assembly_time,dynamic,189,0.003999972250312567
prompt_assembly_time,dynamic,190,0.00400003045797348
prompt_assembly_time,dynamic,191,0.004200031980872154
prompt_assembly_time,dynamic,192,0.0038999714888632298
prompt_assembly_time,dynamic,193,0.0039000296965241432
prompt_assembly_time,dynamic,194,0.0038999714888632298
prompt_assembly_time,dynamic,195,0.00400003045797348
prompt_assembly_time,dynamic,196,0.0038999714888632298
prompt_assembly_time,dynamic,197,0.003800028935074806
prompt_assembly_time,dynamic,198,0.0038999714888632298
prompt_assembly_time,dynamic,199,0.004199973773211241
prompt_assembly_time,dynamic,200,0.0039000296965241432
prompt_assembly_time,dynamic,201,0.0037999707274138927
prompt_assembly_time,dynamic,202,0.0039000296965241432
prompt_assembly_time,dynamic,203,0.0038999714888632298
prompt_assembly_time,dynamic,204,0.0039000296965241432
prompt_assembly_time,dynamic,205,0.004299974534660578
prompt_assembly_time,dynamic,206,0.0039000296965241432
prompt_assembly_time,dynamic,207,0.004100031219422817
prompt_assembly_time,dynamic,208,0.003999972250312567
prompt_assembly_time,dynamic,209,0.004300032742321491
prompt_assembly_time,dynamic,210,0.008000002708286047
prompt_assembly_time,dynamic,211,0.006699992809444666
prompt_assembly_time,dynamic,212,0.005799985956400633
prompt_assembly_time,dynamic,213,0.004499976057559252
prompt_assembly_time,dynamic,214,0.005399982910603285
prompt_assembly_time,dynamic,215,0.006600050255656242
prompt_assembly_time,dynamic,216,0.003999972250312567
prompt_assembly_time,dynamic,217,0.003999972250312567
prompt_assembly_time,dynamic,218,0.0039000296965241432
prompt_assembly_time,dynamic,219,0.004099973011761904
prompt_assembly_time,dynamic,220,0.00400003045797348
prompt_assembly_time,dynamic,221,0.0038999714888632298
prompt_assembly_time,dynamic,222,0.004300032742321491
prompt_assembly_time,dynamic,223,0.004099973011761904
prompt_assembly_time,dynamic,224,0.003999972250312567
prompt_assembly_time,dynamic,225,0.003800028935074806
prompt_assembly_time,dynamic,226,0.004099973011761904
prompt_assembly_time,dynamic,227,0.00400003045797348
prompt_assembly_time,dynamic,228,0.003999972250312567
prompt_assembly_time,dynamic,229,0.0039000296965241432
prompt_assembly_time,dynamic,230,0.0038999714888632298
prompt_assembly_time,dynamic,231,0.00400003045797348
prompt_assembly_time,dynamic,232,0.0039000296965241432
prompt_assembly_time,dynamic,233,0.004099973011761904
prompt_assembly_time,dynamic,234,0.0039000296965241432
prompt_assembly_time,dynamic,235,0.0037999707274138927
prompt_assembly_time,dynamic,236,0.00400003045797348
prompt_assembly_time,dynamic,237,0.0038999714888632298
prompt_assembly_time,dynamic,238,0.0039000296965241432
prompt_assembly_time,dynamic,239,0.004099973011761904
prompt_assembly_time,dynamic,240,0.0038999714888632298
prompt_assembly_time,dynamic,241,0.004100031219422817
prompt_assembly_time,dynamic,242,0.003999972250312567
prompt_assembly_time,dynamic,243,0.004100031219422817
prompt_assembly_time,dynamic,244,0.003999972250312567
prompt_assembly_time,dynamic,245,0.003800028935074806
prompt_assembly_time,dynamic,246,0.003999972250312567
prompt_assembly_time,dynamic,247,0.004099973011761904
prompt_assembly_time,dynamic,248,0.0039000296965241432
prompt_assembly_time,dynamic,249,0.003999972250312567
prompt_assembly_time,dynamic,250,0.004100031219422817
prompt_assembly_time,dynamic,251,0.0038999714888632298
prompt_assembly_time,dynamic,252,0.0039000296965241432
prompt_assembly_time,dynamic,253,0.0037999707274138927
prompt_assembly_time,dynamic,254,0.00400003045797348
prompt_assembly_time,dynamic,255,0.003999972250312567
prompt_assembly_time,dynamic,256,0.0038999714888632298
prompt_assembly_time,dynamic,257,0.00400003045797348
prompt_assembly_time,dynamic,258,0.004099973011761904
prompt_assembly_time,dynamic,259,0.00400003045797348
prompt_assembly_time,dynamic,260,0.0038999714888632298
prompt_assembly_time,dynamic,261,0.0039000296965241432
prompt_assembly_time,dynamic,262,0.003999972250312567
prompt_assembly_time,dynamic,263,0.004099973011761904
prompt_assembly_time,dynamic,264,0.004100031219422817
prompt_assembly_time,dynamic,265,0.003999972250312567
prompt_assembly_time,dynamic,266,0.00400003045797348
prompt_assembly_time,dynamic,267,0.0038999714888632298
prompt_assembly_time,dynamic,268,0.0039000296965241432
prompt_assembly_time,dynamic,269,0.004099973011761904
prompt_assembly_time,dynamic,270,0.0038999714888632298
prompt_assembly_time,dynamic,271,0.004100031219422817
prompt_assembly_time,dynamic,272,0.0038999714888632298
prompt_assembly_time,dynamic,273,0.00400003045797348
prompt_assembly_time,dynamic,274,0.0038999714888632298
prompt_assembly_time,dynamic,275,0.0039000296965241432
prompt_assembly_time,dynamic,276,0.0037999707274138927
prompt_assembly_time,dynamic,277,0.004100031219422817
prompt_assembly_time,dynamic,278,0.0038999714888632298
prompt_assembly_time,dynamic,279,0.006499991286545992
prompt_assembly_time,dynamic,280,0.00400003045797348
prompt_assembly_time,dynamic,281,0.0037999707274138927
prompt_assembly_time,dynamic,282,0.0038999714888632298
prompt_assembly_time,dynamic,283,0.003800028935074806
prompt_assembly_time,dynamic,284,0.0038999714888632298
prompt_assembly_time,dynamic,285,0.0039000296965241432
prompt_assembly_time,dynamic,286,0.004099973011761904
prompt_assembly_time,dynamic,287,0.00400003045797348
prompt_assembly_time,dynamic,288,0.003999972250312567
prompt_assembly_time,dynamic,289,0.0039000296965241432
prompt_assembly_time,dynamic,290,0.003999972250312567
prompt_assembly_time,dynamic,291,0.0038999714888632298
prompt_assembly_time,dynamic,292,0.0039000296965241432
prompt_assembly_time,dynamic,293,0.0037999707274138927
prompt_assembly_time,dynamic,294,0.0039000296965241432
prompt_assembly_time,dynamic,295,0.004199973773211241
prompt_assembly_time,dynamic,296,0.0039000296965241432
prompt_assembly_time,dynamic,297,0.0038999714888632298
prompt_assembly_time,dynamic,298,0.00400003045797348
prompt_assembly_time,dynamic,299,0.003800028935074806
prompt_assembly_time,dynamic,300,0.003999972250312567
prompt_assembly_time,dynamic,301,0.003800028935074806
prompt_assembly_time,dynamic,302,0.003999972250312567
prompt_assembly_time,dynamic,303,0.00400003045797348
prompt_assembly_time,dynamic,304,0.003999972250312567
prompt_assembly_time,dynamic,305,0.00400003045797348
prompt_assembly_time,dynamic,306,0.0038999714888632298
prompt_assembly_time,dynamic,307,0.003800028935074806
prompt_assembly_time,dynamic,308,0.004100031219422817
prompt_assembly_time,dynamic,309,0.004099973011761904
prompt_assembly_time,dynamic,310,0.0039000296965241432
prompt_assembly_time,dynamic,311,0.003999972250312567
prompt_assembly_time,dynamic,312,0.00400003045797348
prompt_assembly_time,dynamic,313,0.0038999714888632298
prompt_assembly_time,dynamic,314,0.0038999714888632298
prompt_assembly_time,dynamic,315,0.0039000296965241432
prompt_assembly_time,dynamic,316,0.003999972250312567
prompt_assembly_time,dynamic,317,0.0039000296965241432
prompt_assembly_time,dynamic,318,0.0037999707274138927
prompt_assembly_time,dynamic,319,0.004100031219422817
prompt_assembly_time,dynamic,320,0.004099973011761904
prompt_assembly_time,dynamic,321,0.00400003045797348
prompt_assembly_time,dynamic,322,0.0038999714888632298
prompt_assembly_time,dynamic,323,0.0038999714888632298
prompt_assembly_time,dynamic,324,0.004100031219422817
prompt_assembly_time,dynamic,325,0.0038999714888632298
prompt_assembly_time,dynamic,326,0.0039000296965241432
prompt_assembly_time,dynamic,327,0.004099973011761904
prompt_assembly_time,dynamic,328,0.00400003045797348
prompt_assembly_time,dynamic,329,0.0037999707274138927
prompt_assembly_time,dynamic,330,0.005399982910603285
prompt_assembly_time,dynamic,331,0.006699992809444666
prompt_assembly_time,dynamic,332,0.006699992809444666
prompt_assembly_time,dynamic,333,0.004400033503770828
prompt_assembly_time,dynamic,334,0.004099973011761904
prompt_assembly_time,dynamic,335,0.004300032742321491
prompt_assembly_time,dynamic,336,0.0038999714888632298
prompt_assembly_time,dynamic,337,0.0039000296965241432
prompt_assembly_time,dynamic,338,0.004100031219422817
prompt_assembly_time,dynamic,339,0.003999972250312567
prompt_assembly_time,dynamic,340,0.00400003045797348
prompt_assembly_time,dynamic,341,0.0037999707274138927
prompt_assembly_time,dynamic,342,0.00400003045797348
prompt_assembly_time,dynamic,343,0.004099973011761904
prompt_assembly_time,dynamic,344,0.004300032742321491
prompt_assembly_time,dynamic,345,0.0039000296965241432
prompt_assembly_time,dynamic,346,0.0038999714888632298
prompt_assembly_time,dynamic,347,0.003800028935074806
prompt_assembly_time,dynamic,348,0.0038999714888632298
prompt_assembly_time,dynamic,349,0.003800028935074806
prompt_assembly_time,dynamic,350,0.0038999714888632298
prompt_assembly_time,dynamic,351,0.00400003045797348
prompt_assembly_time,dynamic,352,0.0038999714888632298
prompt_assembly_time,dynamic,353,0.0038999714888632298
prompt_assembly_time,dynamic,354,0.0039000296965241432
prompt_assembly_time,dynamic,355,0.003999972250312567
prompt_assembly_time,dynamic,356,0.003800028935074806
prompt_assembly_time,dynamic,357,0.0038999714888632298
prompt_assembly_time,dynamic,358,0.0039000296965241432
prompt_assembly_time,dynamic,359,0.003999972250312567
prompt_assembly_time,dynamic,360,0.0038999714888632298
prompt_assembly_time,dynamic,361,0.0039000296965241432
prompt_assembly_time,dynamic,362,0.0038999714888632298
prompt_assembly_time,dynamic,363,0.003800028935074806
prompt_assembly_time,dynamic,364,0.004199973773211241
prompt_assembly_time,dynamic,365,0.0039000296965241432
prompt_assembly_time,dynamic,366,0.003999972250312567
prompt_assembly_time,dynamic,367,0.004100031219422817
prompt_assembly_time,dynamic,368,0.0039000296965241432
prompt_assembly_time,dynamic,369,0.0038999714888632298
prompt_assembly_time,dynamic,370,0.003800028935074806
prompt_assembly_time,dynamic,371,0.0038999714888632298
prompt_assembly_time,dynamic,372,0.0039000296965241432
prompt_assembly_time,dynamic,373,0.0038999714888632298
prompt_assembly_time,dynamic,374,0.0039000296965241432
prompt_assembly_time,dynamic,375,0.003999972250312567
prompt_assembly_time,dynamic,376,0.00400003045797348
prompt_assembly_time,dynamic,377,0.0039000296965241432
prompt_assembly_time,dynamic,378,0.0038999714888632298
prompt_assembly_time,dynamic,379,0.0039000296965241432
prompt_assembly_time,dynamic,380,0.0037999707274138927
prompt_assembly_time,dynamic,381,0.0039000296965241432
prompt_assembly_time,dynamic,382,0.0038999714888632298
prompt_assembly_time,dynamic,383,0.00400003045797348
prompt_assembly_time,dynamic,384,0.0038999714888632298
prompt_assembly_time,dynamic,385,0.00400003045797348
prompt_assembly_time,dynamic,386,0.0038999714888632298
prompt_assembly_time,dynamic,387,0.003999972250312567
prompt_assembly_time,dynamic,388,0.0039000296965241432
prompt_assembly_time,dynamic,389,0.0038999714888632298
prompt_assembly_time,dynamic,390,0.0039000296965241432
prompt_assembly_time,dynamic,391,0.004099973011761904
prompt_assembly_time,dynamic,392,0.003800028935074806
prompt_assembly_time,dynamic,393,0.0037999707274138927
prompt_assembly_time,dynamic,394,0.0039000296965241432
prompt_assembly_time,dynamic,395,0.0038999714888632298
prompt_assembly_time,dynamic,396,0.0038999714888632298
prompt_assembly_time,dynamic,397,0.0039000296965241432
prompt_assembly_time,dynamic,398,0.004099973011761904
prompt_assembly_time,dynamic,399,0.004100031219422817
prompt_assembly_time,dynamic,400,0.003999972250312567
prompt_assembly_time,dynamic,401,0.003800028935074806
prompt_assembly_time,dynamic,402,0.0037999707274138927
prompt_assembly_time,dynamic,403,0.0039000296965241432
prompt_assembly_time,dynamic,404,0.003800028935074806
prompt_assembly_time,dynamic,405,0.0037999707274138927
prompt_assembly_time,dynamic,406,0.0039000296965241432
prompt_assembly_time,dynamic,407,0.005699985194951296
prompt_assembly_time,dynamic,408,0.0039000296965241432
prompt_assembly_time,dynamic,409,0.003800028935074806
prompt_assembly_time,dynamic,410,0.0038999714888632298
prompt_assembly_time,dynamic,411,0.003800028935074806
prompt_assembly_time,dynamic,412,0.003999972250312567
prompt_assembly_time,dynamic,413,0.00400003045797348
prompt_assembly_time,dynamic,414,0.005599984433501959
prompt_assembly_time,dynamic,415,0.004099973011761904
prompt_assembly_time,dynamic,416,0.0039000296965241432
prompt_assembly_time,dynamic,417,0.0038999714888632298
prompt_assembly_time,dynamic,418,0.00400003045797348
prompt_assembly_time,dynamic,419,0.0038999714888632298
prompt_assembly_time,dynamic,420,0.00400003045797348
prompt_assembly_time,dynamic,421,0.004299974534660578
prompt_assembly_time,dynamic,422,0.0038999714888632298
prompt_assembly_time,dynamic,423,0.00400003045797348
prompt_assembly_time,dynamic,424,0.0037999707274138927
prompt_assembly_time,dynamic,425,0.0039000296965241432
prompt_assembly_time,dynamic,426,0.0037999707274138927
prompt_assembly_time,dynamic,427,0.0039000296965241432
prompt_assembly_time,dynamic,428,0.004099973011761904
prompt_assembly_time,dynamic,429,0.00400003045797348
prompt_assembly_time,dynamic,430,0.003999972250312567
prompt_assembly_time,dynamic,431,0.0038999714888632298
prompt_assembly_time,dynamic,432,0.0039000296965241432
prompt_assembly_time,dynamic,433,0.0038999714888632298
prompt_assembly_time,dynamic,434,0.003800028935074806
prompt_assembly_time,dynamic,435,0.0038999714888632298
prompt_assembly_time,dynamic,436,0.0039000296965241432
prompt_assembly_time,dynamic,437,0.0038999714888632298
prompt_assembly_time,dynamic,438,0.0039000296965241432
prompt_assembly_time,dynamic,439,0.003999972250312567
prompt_assembly_time,dynamic,440,0.0037999707274138927
prompt_assembly_time,dynamic,441,0.0039000296965241432
prompt_assembly_time,dynamic,442,0.0037999707274138927
prompt_assembly_time,dynamic,443,0.0039000296965241432
prompt_assembly_time,dynamic,444,0.0038999714888632298
prompt_assembly_time,dynamic,445,0.008100003469735384
prompt_assembly_time,dynamic,446,0.003800028935074806
prompt_assembly_time,dynamic,447,0.004199973773211241
prompt_assembly_time,dynamic,448,0.0039000296965241432
prompt_assembly_time,dynamic,449,0.0039000296965241432
prompt_assembly_time,dynamic,450,0.003999972250312567
prompt_assembly_time,dynamic,451,0.0039000296965241432
prompt_assembly_time,dynamic,452,0.0037999707274138927
prompt_assembly_time,dynamic,453,0.00400003045797348
prompt_assembly_time,dynamic,454,0.0038999714888632298
prompt_assembly_time,dynamic,455,0.004100031219422817
prompt_assembly_time,dynamic,456,0.003999972250312567
prompt_assembly_time,dynamic,457,0.0039000296965241432
prompt_assembly_time,dynamic,458,0.00400003045797348
prompt_assembly_time,dynamic,459,0.0037999707274138927
prompt_assembly_time,dynamic,460,0.0039000296965241432
prompt_assembly_time,dynamic,461,0.0038999714888632298
prompt_assembly_time,dynamic,462,0.0039000296965241432
prompt_assembly_time,dynamic,463,0.004099973011761904
prompt_assembly_time,dynamic,464,0.00400003045797348
prompt_assembly_time,dynamic,465,0.0038999714888632298
prompt_assembly_time,dynamic,466,0.0037999707274138927
prompt_assembly_time,dynamic,467,0.00400003045797348
prompt_assembly_time,dynamic,468,0.003999972250312567
prompt_assembly_time,dynamic,469,0.003800028935074806
prompt_assembly_time,dynamic,470,0.0037999707274138927
prompt_assembly_time,dynamic,471,0.004100031219422817
prompt_assembly_time,dynamic,472,0.0038999714888632298
prompt_assembly_time,dynamic,473,0.003800028935074806
prompt_assembly_time,dynamic,474,0.0038999714888632298
prompt_assembly_time,dynamic,475,0.003999972250312567
prompt_assembly_time,dynamic,476,0.00400003045797348
prompt_assembly_time,dynamic,477,0.0037999707274138927
prompt_assembly_time,dynamic,478,0.00400003045797348
prompt_assembly_time,dynamic,479,0.003999972250312567
prompt_assembly_time,dynamic,480,0.00400003045797348
prompt_assembly_time,dynamic,481,0.003999972250312567
prompt_assembly_time,dynamic,482,0.0039000296965241432
prompt_assembly_time,dynamic,483,0.003999972250312567
prompt_assembly_time,dynamic,484,0.004099973011761904
prompt_assembly_time,dynamic,485,0.0039000296965241432
prompt_assembly_time,dynamic,486,0.003999972250312567
prompt_assembly_time,dynamic,487,0.004200031980872154
prompt_assembly_time,dynamic,488,0.0038999714888632298
prompt_assembly_time,dynamic,489,0.004100031219422817
prompt_assembly_time,dynamic,490,0.003999972250312567
prompt_assembly_time,dynamic,491,0.0038999714888632298
prompt_assembly_time,dynamic,492,0.0039000296965241432
prompt_assembly_time,dynamic,493,0.0037999707274138927
prompt_assembly_time,dynamic,494,0.00400003045797348
prompt_assembly_time,dynamic,495,0.003999972250312567
prompt_assembly_time,dynamic,496,0.0039000296965241432
prompt_assembly_time,dynamic,497,0.0038999714888632298
prompt_assembly_time,dynamic,498,0.0039000296965241432
prompt_assembly_time,dynamic,499,0.0038999714888632298
prompt_assembly_time,dynamic,500,0.0038999714888632298
prompt_assembly_time,dynamic,501,0.003800028935074806
prompt_assembly_time,dynamic,502,0.0038999714888632298
prompt_assembly_time,dynamic,503,0.004200031980872154
prompt_assembly_time,dynamic,504,0.003999972250312567
prompt_assembly_time,dynamic,505,0.003800028935074806
prompt_assembly_time,dynamic,506,0.003999972250312567
prompt_assembly_time,dynamic,507,0.0039000296965241432
prompt_assembly_time,dynamic,508,0.0038999714888632298
prompt_assembly_time,dynamic,509,0.0038999714888632298
prompt_assembly_time,dynamic,510,0.005700043402612209
prompt_assembly_time,dynamic,511,0.004199973773211241
prompt_assembly_time,dynamic,512,0.003800028935074806
prompt_assembly_time,dynamic,513,0.0038999714888632298
prompt_assembly_time,dynamic,514,0.0038999714888632298
prompt_assembly_time,dynamic,515,0.0039000296965241432
prompt_assembly_time,dynamic,516,0.003999972250312567
prompt_assembly_time,dynamic,517,0.003800028935074806
prompt_assembly_time,dynamic,518,0.003999972250312567
prompt_assembly_time,dynamic,519,0.004100031219422817
prompt_assembly_time,dynamic,520,0.0038999714888632298
prompt_assembly_time,dynamic,521,0.0039000296965241432
prompt_assembly_time,dynamic,522,0.0039000296965241432
prompt_assembly_time,dynamic,523,0.0038999714888632298
prompt_assembly_time,dynamic,524,0.00400003045797348
prompt_assembly_time,dynamic,525,0.0038999714888632298
prompt_assembly_time,dynamic,526,0.0039000296965241432
prompt_assembly_time,dynamic,527,0.004099973011761904
prompt_assembly_time,dynamic,528,0.0039000296965241432
prompt_assembly_time,dynamic,529,0.0039000296965241432
prompt_assembly_time,dynamic,530,0.0037999707274138927
prompt_assembly_time,dynamic,531,0.00400003045797348
prompt_assembly_time,dynamic,532,0.0037999707274138927
prompt_assembly_time,dynamic,533,0.0039000296965241432
prompt_assembly_time,dynamic,534,0.0038999714888632298
prompt_assembly_time,dynamic,535,0.004200031980872154
prompt_assembly_time,dynamic,536,0.005599984433501959
prompt_assembly_time,dynamic,537,0.0038999714888632298
prompt_assembly_time,dynamic,538,0.0039000296965241432
prompt_assembly_time,dynamic,539,0.0038999714888632298
prompt_assembly_time,dynamic,540,0.003800028935074806
prompt_assembly_time,dynamic,541,0.0038999714888632298
prompt_assembly_time,dynamic,542,0.0037999707274138927
prompt_assembly_time,dynamic,543,0.00400003045797348
prompt_assembly_time,dynamic,544,0.003999972250312567
prompt_assembly_time,dynamic,545,0.003800028935074806
prompt_assembly_time,dynamic,546,0.003999972250312567
prompt_assembly_time,dynamic,547,0.0039000296965241432
prompt_assembly_time,dynamic,548,0.0037999707274138927
prompt_assembly_time,dynamic,549,0.0039000296965241432
prompt_assembly_time,dynamic,550,0.0037999707274138927
prompt_assembly_time,dynamic,551,0.003999972250312567
prompt_assembly_time,dynamic,552,0.0039000296965241432
prompt_assembly_time,dynamic,553,0.0037999707274138927
prompt_assembly_time,dynamic,554,0.003800028935074806
prompt_assembly_time,dynamic,555,0.0038999714888632298
prompt_assembly_time,dynamic,556,0.0039000296965241432
prompt_assembly_time,dynamic,557,0.005599984433501959
prompt_assembly_time,dynamic,558,0.005199981387704611
prompt_assembly_time,dynamic,559,0.005300040356814861
prompt_assembly_time,dynamic,560,0.005200039595365524
prompt_assembly_time,dynamic,561,0.004099973011761904
prompt_assembly_time,dynamic,562,0.0039000296965241432
prompt_assembly_time,dynamic,563,0.0038999714888632298
prompt_assembly_time,dynamic,564,0.00400003045797348
prompt_assembly_time,dynamic,565,0.0039000296965241432
prompt_assembly_time,dynamic,566,0.003999972250312567
prompt_assembly_time,dynamic,567,0.004100031219422817
prompt_assembly_time,dynamic,568,0.004099973011761904
prompt_assembly_time,dynamic,569,0.00400003045797348
prompt_assembly_time,dynamic,570,0.004099973011761904
prompt_assembly_time,dynamic,571,0.004100031219422817
prompt_assembly_time,dynamic,572,0.004100031219422817
prompt_assembly_time,dynamic,573,0.0038999714888632298
prompt_assembly_time,dynamic,574,0.00400003045797348
prompt_assembly_time,dynamic,575,0.004199973773211241
prompt_assembly_time,dynamic,576,0.00400003045797348
prompt_assembly_time,dynamic,577,0.004099973011761904
prompt_assembly_time,dynamic,578,0.00400003045797348
prompt_assembly_time,dynamic,579,0.003999972250312567
prompt_assembly_time,dynamic,580,0.003999972250312567
prompt_assembly_time,dynamic,581,0.00400003045797348
prompt_assembly_time,dynamic,582,0.005299982149153948
prompt_assembly_time,dynamic,583,0.004100031219422817
prompt_assembly_time,dynamic,584,0.0039000296965241432
prompt_assembly_time,dynamic,585,0.0038999714888632298
prompt_assembly_time,dynamic,586,0.003800028935074806
prompt_assembly_time,dynamic,587,0.0038999714888632298
prompt_assembly_time,dynamic,588,0.0039000296965241432
prompt_assembly_time,dynamic,589,0.004099973011761904
prompt_assembly_time,dynamic,590,0.0039000296965241432
prompt_assembly_time,dynamic,591,0.004099973011761904
prompt_assembly_time,dynamic,592,0.00400003045797348
prompt_assembly_time,dynamic,593,0.00400003045797348
prompt_assembly_time,dynamic,594,0.0037999707274138927
prompt_assembly_time,dynamic,595,0.0039000296965241432
prompt_assembly_time,dynamic,596,0.0038999714888632298
prompt_assembly_time,dynamic,597,0.0039000296965241432
prompt_assembly_time,dynamic,598,0.004099973011761904
prompt_assembly_time,dynamic,599,0.004199973773211241
prompt_assembly_time,dynamic,600,0.003800028935074806
prompt_assembly_time,dynamic,601,0.0038999714888632298
prompt_assembly_time,dynamic,602,0.0039000296965241432
prompt_assembly_time,dynamic,603,0.003999972250312567
prompt_assembly_time,dynamic,604,0.00400003045797348
prompt_assembly_time,dynamic,605,0.0038999714888632298
prompt_assembly_time,dynamic,606,0.0038999714888632298
prompt_assembly_time,dynamic,607,0.005600042641162872
prompt_assembly_time,dynamic,608,0.004099973011761904
prompt_assembly_time,dynamic,609,0.004200031980872154
prompt_assembly_time,dynamic,610,0.004100031219422817
prompt_assembly_time,dynamic,611,0.004099973011761904
prompt_assembly_time,dynamic,612,0.003800028935074806
prompt_assembly_time,dynamic,613,0.003999972250312567
prompt_assembly_time,dynamic,614,0.004100031219422817
prompt_assembly_time,dynamic,615,0.003999972250312567
prompt_assembly_time,dynamic,616,0.0039000296965241432
prompt_assembly_time,dynamic,617,0.0037999707274138927
prompt_assembly_time,dynamic,618,0.0038999714888632298
prompt_assembly_time,dynamic,619,0.00400003045797348
prompt_assembly_time,dynamic,620,0.0037999707274138927
prompt_assembly_time,dynamic,621,0.0039000296965241432
prompt_assembly_time,dynamic,622,0.003999972250312567
prompt_assembly_time,dynamic,623,0.004100031219422817
prompt_assembly_time,dynamic,624,0.0037999707274138927
prompt_assembly_time,dynamic,625,0.0039000296965241432
prompt_assembly_time,dynamic,626,0.0038999714888632298
prompt_assembly_time,dynamic,627,0.0039000296965241432
prompt_assembly_time,dynamic,628,0.003800028935074806
prompt_assembly_time,dynamic,629,0.0038999714888632298
prompt_assembly_time,dynamic,630,0.0039000296965241432
prompt_assembly_time,dynamic,631,0.003999972250312567
prompt_assembly_time,dynamic,632,0.003800028935074806
prompt_assembly_time,dynamic,633,0.003999972250312567
prompt_assembly_time,dynamic,634,0.003800028935074806
prompt_assembly_time,dynamic,635,0.0038999714888632298
prompt_assembly_time,dynamic,636,0.0039000296965241432
prompt_assembly_time,dynamic,637,0.0039000296965241432
prompt_assembly_time,dynamic,638,0.0037999707274138927
prompt_assembly_time,dynamic,639,0.004100031219422817
prompt_assembly_time,dynamic,640,0.0038999714888632298
prompt_assembly_time,dynamic,641,0.0039000296965241432
prompt_assembly_time,dynamic,642,0.003999972250312567
prompt_assembly_time,dynamic,643,0.003800028935074806
prompt_assembly_time,dynamic,644,0.0038999714888632298
prompt_assembly_time,dynamic,645,0.003800028935074806
prompt_assembly_time,dynamic,646,0.0039000296965241432
prompt_assembly_time,dynamic,647,0.005799985956400633
prompt_assembly_time,dynamic,648,0.0039000296965241432
prompt_assembly_time,dynamic,649,0.0037999707274138927
prompt_assembly_time,dynamic,650,0.004099973011761904
prompt_assembly_time,dynamic,651,0.004100031219422817
prompt_assembly_time,dynamic,652,0.003999972250312567
prompt_assembly_time,dynamic,653,0.003800028935074806
prompt_assembly_time,dynamic,654,0.0037999707274138927
prompt_assembly_time,dynamic,655,0.00400003045797348
prompt_assembly_time,dynamic,656,0.0038999714888632298
prompt_assembly_time,dynamic,657,0.0039000296965241432
prompt_assembly_time,dynamic,658,0.0037999707274138927
prompt_assembly_time,dynamic,659,0.003999972250312567
prompt_assembly_time,dynamic,660,0.00400003045797348
prompt_assembly_time,dynamic,661,0.006399990525096655
prompt_assembly_time,dynamic,662,0.003999972250312567
prompt_assembly_time,dynamic,663,0.00400003045797348
prompt_assembly_time,dynamic,664,0.003999972250312567
prompt_assembly_time,dynamic,665,0.003800028935074806
prompt_assembly_time,dynamic,666,0.0037999707274138927
prompt_assembly_time,dynamic,667,0.004200031980872154
prompt_assembly_time,dynamic,668,0.0038999714888632298
prompt_assembly_time,dynamic,669,0.003800028935074806
prompt_assembly_time,dynamic,670,0.005300040356814861
prompt_assembly_time,dynamic,671,0.004099973011761904
prompt_assembly_time,dynamic,672,0.00400003045797348
prompt_assembly_time,dynamic,673,0.0036999699659645557
prompt_assembly_time,dynamic,674,0.003999972250312567
prompt_assembly_time,dynamic,675,0.004900037311017513
prompt_assembly_time,dynamic,676,0.006299989763647318
prompt_assembly_time,dynamic,677,0.00589998671784997
prompt_assembly_time,dynamic,678,0.006199989002197981
prompt_assembly_time,dynamic,679,0.006099988240748644
prompt_assembly_time,dynamic,680,0.005700043402612209
prompt_assembly_time,dynamic,681,0.005900044925510883
prompt_assembly_time,dynamic,682,0.005599984433501959
prompt_assembly_time,dynamic,683,0.004199973773211241
prompt_assembly_time,dynamic,684,0.00400003045797348
prompt_assembly_time,dynamic,685,0.0038999714888632298
prompt_assembly_time,dynamic,686,0.0039000296965241432
prompt_assembly_time,dynamic,687,0.004099973011761904
prompt_assembly_time,dynamic,688,0.0039000296965241432
prompt_assembly_time,dynamic,689,0.0039000296965241432
prompt_assembly_time,dynamic,690,0.0037999707274138927
prompt_assembly_time,dynamic,691,0.0039000296965241432
prompt_assembly_time,dynamic,692,0.0038999714888632298
prompt_assembly_time,dynamic,693,0.0039000296965241432
prompt_assembly_time,dynamic,694,0.0038999714888632298
prompt_assembly_time,dynamic,695,0.00400003045797348
prompt_assembly_time,dynamic,696,0.003999972250312567
prompt_assembly_time,dynamic,697,0.0039000296965241432
prompt_assembly_time,dynamic,698,0.0038999714888632298
prompt_assembly_time,dynamic,699,0.003999972250312567
prompt_assembly_time,dynamic,700,0.0039000296965241432
prompt_assembly_time,dynamic,701,0.004199973773211241
prompt_assembly_time,dynamic,702,0.00400003045797348
prompt_assembly_time,dynamic,703,0.003999972250312567
prompt_assembly_time,dynamic,704,0.004100031219422817
prompt_assembly_time,dynamic,705,0.0037999707274138927
prompt_assembly_time,dynamic,706,0.0038999714888632298
prompt_assembly_time,dynamic,707,0.0039000296965241432
prompt_assembly_time,dynamic,708,0.0037999707274138927
prompt_assembly_time,dynamic,709,0.004100031219422817
prompt_assembly_time,dynamic,710,0.003999972250312567
prompt_assembly_time,dynamic,711,0.004100031219422817
prompt_assembly_time,dynamic,712,0.0038999714888632298
prompt_assembly_time,dynamic,713,0.0039000296965241432
prompt_assembly_time,dynamic,714,0.005299982149153948
prompt_assembly_time,dynamic,715,0.0037999707274138927
prompt_assembly_time,dynamic,716,0.003800028935074806
prompt_assembly_time,dynamic,717,0.0038999714888632298
prompt_assembly_time,dynamic,718,0.0039000296965241432
prompt_assembly_time,dynamic,719,0.003999972250312567
prompt_assembly_time,dynamic,720,0.0039000296965241432
prompt_assembly_time,dynamic,721,0.003800028935074806
prompt_assembly_time,dynamic,722,0.0038999714888632298
prompt_assembly_time,dynamic,723,0.003800028935074806
prompt_assembly_time,dynamic,724,0.004099973011761904
prompt_assembly_time,dynamic,725,0.0039000296965241432
prompt_assembly_time,dynamic,726,0.0038999714888632298
prompt_assembly_time,dynamic,727,0.00400003045797348
prompt_assembly_time,dynamic,728,0.003999972250312567
prompt_assembly_time,dynamic,729,0.003800028935074806
prompt_assembly_time,dynamic,730,0.004099973011761904
prompt_assembly_time,dynamic,731,0.0038999714888632298
prompt_assembly_time,dynamic,732,0.0039000296965241432
prompt_assembly_time,dynamic,733,0.0038999714888632298
prompt_assembly_time,dynamic,734,0.0039000296965241432
prompt_assembly_time,dynamic,735,0.004099973011761904
prompt_assembly_time,dynamic,736,0.004100031219422817
prompt_assembly_time,dynamic,737,0.0037999707274138927
prompt_assembly_time,dynamic,738,0.00400003045797348
prompt_assembly_time,dynamic,739,0.005200039595365524
prompt_assembly_time,dynamic,740,0.003999972250312567
prompt_assembly_time,dynamic,741,0.0039000296965241432
prompt_assembly_time,dynamic,742,0.0037999707274138927
prompt_assembly_time,dynamic,743,0.00400003045797348
prompt_assembly_time,dynamic,744,0.0038999714888632298
prompt_assembly_time,dynamic,745,0.0037999707274138927
prompt_assembly_time,dynamic,746,0.00400003045797348
prompt_assembly_time,dynamic,747,0.0038999714888632298
prompt_assembly_time,dynamic,748,0.00400003045797348
prompt_assembly_time,dynamic,749,0.0038999714888632298
prompt_assembly_time,dynamic,750,0.00400003045797348
prompt_assembly_time,dynamic,751,0.004099973011761904
prompt_assembly_time,dynamic,752,0.0039000296965241432
prompt_assembly_time,dynamic,753,0.0038999714888632298
prompt_assembly_time,dynamic,754,0.003999972250312567
prompt_assembly_time,dynamic,755,0.0039000296965241432
prompt_assembly_time,dynamic,756,0.003999972250312567
prompt_assembly_time,dynamic,757,0.00400003045797348
prompt_assembly_time,dynamic,758,0.005099980626255274
prompt_assembly_time,dynamic,759,0.003999972250312567
prompt_assembly_time,dynamic,760,0.0039000296965241432
prompt_assembly_time,dynamic,761,0.003999972250312567
prompt_assembly_time,dynamic,762,0.00400003045797348
prompt_assembly_time,dynamic,763,0.0037999707274138927
prompt_assembly_time,dynamic,764,0.0039000296965241432
prompt_assembly_time,dynamic,765,0.003999972250312567
prompt_assembly_time,dynamic,766,0.0039000296965241432
prompt_assembly_time,dynamic,767,0.00400003045797348
prompt_assembly_time,dynamic,768,0.0037999707274138927
prompt_assembly_time,dynamic,769,0.0039000296965241432
prompt_assembly_time,dynamic,770,0.003999972250312567
prompt_assembly_time,dynamic,771,0.0039000296965241432
prompt_assembly_time,dynamic,772,0.0038999714888632298
prompt_assembly_time,dynamic,773,0.0039000296965241432
prompt_assembly_time,dynamic,774,0.003999972250312567
prompt_assembly_time,dynamic,775,0.00400003045797348
prompt_assembly_time,dynamic,776,0.0039000296965241432
prompt_assembly_time,dynamic,777,0.0038999714888632298
prompt_assembly_time,dynamic,778,0.003800028935074806
prompt_assembly_time,dynamic,779,0.003999972250312567
prompt_assembly_time,dynamic,780,0.0039000296965241432
prompt_assembly_time,dynamic,781,0.003999972250312567
prompt_assembly_time,dynamic,782,0.0039000296965241432
prompt_assembly_time,dynamic,783,0.003999972250312567
prompt_assembly_time,dynamic,784,0.0039000296965241432
prompt_assembly_time,dynamic,785,0.0039000296965241432
prompt_assembly_time,dynamic,786,0.004099973011761904
prompt_assembly_time,dynamic,787,0.0039000296965241432
prompt_assembly_time,dynamic,788,0.003999972250312567
prompt_assembly_time,dynamic,789,0.006399990525096655
prompt_assembly_time,dynamic,790,0.0039000296965241432
prompt_assembly_time,dynamic,791,0.003999972250312567
prompt_assembly_time,dynamic,792,0.003800028935074806
prompt_assembly_time,dynamic,793,0.0038999714888632298
prompt_assembly_time,dynamic,794,0.0039000296965241432
prompt_assembly_time,dynamic,795,0.0038999714888632298
prompt_assembly_time,dynamic,796,0.004099973011761904
prompt_assembly_time,dynamic,797,0.00400003045797348
prompt_assembly_time,dynamic,798,0.0038999714888632298
prompt_assembly_time,dynamic,799,0.005500041879713535
prompt_assembly_time,dynamic,800,0.0037999707274138927
prompt_assembly_time,dynamic,801,0.0038999714888632298
prompt_assembly_time,dynamic,802,0.0039000296965241432
prompt_assembly_time,dynamic,803,0.0038999714888632298
prompt_assembly_time,dynamic,804,0.0039000296965241432
prompt_assembly_time,dynamic,805,0.0038999714888632298
prompt_assembly_time,dynamic,806,0.0039000296965241432
prompt_assembly_time,dynamic,807,0.003999972250312567
prompt_assembly_time,dynamic,808,0.0039000296965241432
prompt_assembly_time,dynamic,809,0.004099973011761904
prompt_assembly_time,dynamic,810,0.0038999714888632298
prompt_assembly_time,dynamic,811,0.003800028935074806
prompt_assembly_time,dynamic,812,0.003999972250312567
prompt_assembly_time,dynamic,813,0.0039000296965241432
prompt_assembly_time,dynamic,814,0.0038999714888632298
prompt_assembly_time,dynamic,815,0.004100031219422817
prompt_assembly_time,dynamic,816,0.0039000296965241432
prompt_assembly_time,dynamic,817,0.0038999714888632298
prompt_assembly_time,dynamic,818,0.0039000296965241432
prompt_assembly_time,dynamic,819,0.0038999714888632298
prompt_assembly_time,dynamic,820,0.003800028935074806
prompt_assembly_time,dynamic,821,0.0038999714888632298
prompt_assembly_time,dynamic,822,0.0039000296965241432
prompt_assembly_time,dynamic,823,0.004099973011761904
prompt_assembly_time,dynamic,824,0.0039000296965241432
prompt_assembly_time,dynamic,825,0.0039000296965241432
prompt_assembly_time,dynamic,826,0.0038999714888632298
prompt_assembly_time,dynamic,827,0.00400003045797348
prompt_assembly_time,dynamic,828,0.004099973011761904
prompt_assembly_time,dynamic,829,0.0039000296965241432
prompt_assembly_time,dynamic,830,0.0038999714888632298
prompt_assembly_time,dynamic,831,0.004100031219422817
prompt_assembly_time,dynamic,832,0.0038999714888632298
prompt_assembly_time,dynamic,833,0.0038999714888632298
prompt_assembly_time,dynamic,834,0.0039000296965241432
prompt_assembly_time,dynamic,835,0.003999972250312567
prompt_assembly_time,dynamic,836,0.0039000296965241432
prompt_assembly_time,dynamic,837,0.005199981387704611
prompt_assembly_time,dynamic,838,0.0039000296965241432
prompt_assembly_time,dynamic,839,0.00400003045797348
prompt_assembly_time,dynamic,840,0.0038999714888632298
prompt_assembly_time,dynamic,841,0.003800028935074806
prompt_assembly_time,dynamic,842,0.003999972250312567
prompt_assembly_time,dynamic,843,0.0039000296965241432
prompt_assembly_time,dynamic,844,0.0038999714888632298
prompt_assembly_time,dynamic,845,0.0039000296965241432
prompt_assembly_time,dynamic,846,0.004099973011761904
prompt_assembly_time,dynamic,847,0.004399975296109915
prompt_assembly_time,dynamic,848,0.0039000296965241432
prompt_assembly_time,dynamic,849,0.005099980626255274
prompt_assembly_time,dynamic,850,0.0039000296965241432
prompt_assembly_time,dynamic,851,0.0037999707274138927
prompt_assembly_time,dynamic,852,0.0039000296965241432
prompt_assembly_time,dynamic,853,0.003800028935074806
prompt_assembly_time,dynamic,854,0.0038999714888632298
prompt_assembly_time,dynamic,855,0.00400003045797348
prompt_assembly_time,dynamic,856,0.0038999714888632298
prompt_assembly_time,dynamic,857,0.0039000296965241432
prompt_assembly_time,dynamic,858,0.003999972250312567
prompt_assembly_time,dynamic,859,0.0039000296965241432
prompt_assembly_time,dynamic,860,0.0037999707274138927
prompt_assembly_time,dynamic,861,0.0039000296965241432
prompt_assembly_time,dynamic,862,0.004100031219422817
prompt_assembly_time,dynamic,863,0.003999972250312567
prompt_assembly_time,dynamic,864,0.0039000296965241432
prompt_assembly_time,dynamic,865,0.0038999714888632298
prompt_assembly_time,dynamic,866,0.0039000296965241432
prompt_assembly_time,dynamic,867,0.003999972250312567
prompt_assembly_time,dynamic,868,0.004200031980872154
prompt_assembly_time,dynamic,869,0.0039000296965241432
prompt_assembly_time,dynamic,870,0.0037999707274138927
prompt_assembly_time,dynamic,871,0.00400003045797348
prompt_assembly_time,dynamic,872,0.003999972250312567
prompt_assembly_time,dynamic,873,0.003800028935074806
prompt_assembly_time,dynamic,874,0.004099973011761904
prompt_assembly_time,dynamic,875,0.0039000296965241432
prompt_assembly_time,dynamic,876,0.006599992047995329
prompt_assembly_time,dynamic,877,0.006199989002197981
prompt_assembly_time,dynamic,878,0.006399990525096655
prompt_assembly_time,dynamic,879,0.004199973773211241
prompt_assembly_time,dynamic,880,0.00400003045797348
prompt_assembly_time,dynamic,881,0.0038999714888632298
prompt_assembly_time,dynamic,882,0.00400003045797348
prompt_assembly_time,dynamic,883,0.004099973011761904
prompt_assembly_time,dynamic,884,0.004099973011761904
prompt_assembly_time,dynamic,885,0.0039000296965241432
prompt_assembly_time,dynamic,886,0.004699977580457926
prompt_assembly_time,dynamic,887,0.004100031219422817
prompt_assembly_time,dynamic,888,0.003999972250312567
prompt_assembly_time,dynamic,889,0.0039000296965241432
prompt_assembly_time,dynamic,890,0.0039000296965241432
prompt_assembly_time,dynamic,891,0.0037999707274138927
prompt_assembly_time,dynamic,892,0.003800028935074806
prompt_assembly_time,dynamic,893,0.0038999714888632298
prompt_assembly_time,dynamic,894,0.0039000296965241432
prompt_assembly_time,dynamic,895,0.003999972250312567
prompt_assembly_time,dynamic,896,0.0039000296965241432
prompt_assembly_time,dynamic,897,0.004099973011761904
prompt_assembly_time,dynamic,898,0.004099973011761904
prompt_assembly_time,dynamic,899,0.003800028935074806
prompt_assembly_time,dynamic,900,0.008200004231184721
prompt_assembly_time,dynamic,901,0.003999972250312567
prompt_assembly_time,dynamic,902,0.0039000296965241432
prompt_assembly_time,dynamic,903,0.004099973011761904
prompt_assembly_time,dynamic,904,0.0039000296965241432
prompt_assembly_time,dynamic,905,0.0038999714888632298
prompt_assembly_time,dynamic,906,0.0038999714888632298
prompt_assembly_time,dynamic,907,0.0039000296965241432
prompt_assembly_time,dynamic,908,0.003999972250312567
prompt_assembly_time,dynamic,909,0.00400003045797348
prompt_assembly_time,dynamic,910,0.0038999714888632298
prompt_assembly_time,dynamic,911,0.005499983672052622
prompt_assembly_time,dynamic,912,0.00500003807246685
prompt_assembly_time,dynamic,913,0.005199981387704611
prompt_assembly_time,dynamic,914,0.003999972250312567
prompt_assembly_time,dynamic,915,0.005100038833916187
prompt_assembly_time,dynamic,916,0.005099980626255274
prompt_assembly_time,dynamic,917,0.007099995855242014
prompt_assembly_time,dynamic,918,0.005099980626255274
prompt_assembly_time,dynamic,919,0.005200039595365524
prompt_assembly_time,dynamic,920,0.004999979864805937
prompt_assembly_time,dynamic,921,0.005099980626255274
prompt_assembly_time,dynamic,922,0.00500003807246685
prompt_assembly_time,dynamic,923,0.005300040356814861
prompt_assembly_time,dynamic,924,0.005099980626255274
prompt_assembly_time,dynamic,925,0.0048999791033566
prompt_assembly_time,dynamic,926,0.0039000296965241432
prompt_assembly_time,dynamic,927,0.005299982149153948
prompt_assembly_time,dynamic,928,0.005099980626255274
prompt_assembly_time,dynamic,929,0.0039000296965241432
prompt_assembly_time,dynamic,930,0.0038999714888632298
prompt_assembly_time,dynamic,931,0.0039000296965241432
prompt_assembly_time,dynamic,932,0.004099973011761904
prompt_assembly_time,dynamic,933,0.003800028935074806
prompt_assembly_time,dynamic,934,0.003999972250312567
prompt_assembly_time,dynamic,935,0.004299974534660578
prompt_assembly_time,dynamic,936,0.00400003045797348
prompt_assembly_time,dynamic,937,0.0038999714888632298
prompt_assembly_time,dynamic,938,0.00400003045797348
prompt_assembly_time,dynamic,939,0.003999972250312567
prompt_assembly_time,dynamic,940,0.00400003045797348
prompt_assembly_time,dynamic,941,0.0037999707274138927
prompt_assembly_time,dynamic,942,0.00400003045797348
prompt_assembly_time,dynamic,943,0.004100031219422817
prompt_assembly_time,dynamic,944,0.0037999707274138927
prompt_assembly_time,dynamic,945,0.00400003045797348
prompt_assembly_time,dynamic,946,0.0037999707274138927
prompt_assembly_time,dynamic,947,0.0039000296965241432
prompt_assembly_time,dynamic,948,0.003999972250312567
prompt_assembly_time,dynamic,949,0.0039000296965241432
prompt_assembly_time,dynamic,950,0.004099973011761904
prompt_assembly_time,dynamic,951,0.004299974534660578
prompt_assembly_time,dynamic,952,0.003800028935074806
prompt_assembly_time,dynamic,953,0.0038999714888632298
prompt_assembly_time,dynamic,954,0.0039000296965241432
prompt_assembly_time,dynamic,955,0.0038999714888632298
prompt_assembly_time,dynamic,956,0.0039000296965241432
prompt_assembly_time,dynamic,957,0.0038999714888632298
prompt_assembly_time,dynamic,958,0.003800028935074806
prompt_assembly_time,dynamic,959,0.004199973773211241
prompt_assembly_time,dynamic,960,0.003999972250312567
prompt_assembly_time,dynamic,961,0.003800028935074806
prompt_assembly_time,dynamic,962,0.0038999714888632298
prompt_assembly_time,dynamic,963,0.0039000296965241432
prompt_assembly_time,dynamic,964,0.0038999714888632298
prompt_assembly_time,dynamic,965,0.003800028935074806
prompt_assembly_time,dynamic,966,0.003999972250312567
prompt_assembly_time,dynamic,967,0.004100031219422817
prompt_assembly_time,dynamic,968,0.0039000296965241432
prompt_assembly_time,dynamic,969,0.0037999707274138927
prompt_assembly_time,dynamic,970,0.0039000296965241432
prompt_assembly_time,dynamic,971,0.0038999714888632298
prompt_assembly_time,dynamic,972,0.0039000296965241432
prompt_assembly_time,dynamic,973,0.0038999714888632298
prompt_assembly_time,dynamic,974,0.00400003045797348
prompt_assembly_time,dynamic,975,0.004099973011761904
prompt_assembly_time,dynamic,976,0.00400003045797348
prompt_assembly_time,dynamic,977,0.00400003045797348
prompt_assembly_time,dynamic,978,0.0038999714888632298
prompt_assembly_time,dynamic,979,0.003800028935074806
prompt_assembly_time,dynamic,980,0.0038999714888632298
prompt_assembly_time,dynamic,981,0.0039000296965241432
prompt_assembly_time,dynamic,982,0.003999972250312567
prompt_assembly_time,dynamic,983,0.004100031219422817
prompt_assembly_time,dynamic,984,0.003999972250312567
prompt_assembly_time,dynamic,985,0.004099973011761904
prompt_assembly_time,dynamic,986,0.006400048732757568
prompt_assembly_time,dynamic,987,0.006499991286545992
prompt_assembly_time,dynamic,988,0.006099988240748644
prompt_assembly_time,dynamic,989,0.005799985956400633
prompt_assembly_time,dynamic,990,0.005699985194951296
prompt_assembly_time,dynamic,991,0.005999987479299307
prompt_assembly_time,dynamic,992,0.00689999433234334
prompt_assembly_time,dynamic,993,0.005100038833916187
prompt_assembly_time,dynamic,994,0.004099973011761904
prompt_assembly_time,dynamic,995,0.0038999714888632298
prompt_assembly_time,dynamic,996,0.0039000296965241432
prompt_assembly_time,dynamic,997,0.003999972250312567
prompt_assembly_time,dynamic,998,0.004100031219422817
prompt_assembly_time,dynamic,999,0.004099973011761904
prompt_assembly_time,dynamic,1000,0.0039000296965241432
